date,temperature,precipitation,wind_speed
2016-01-01,2.8,0.0,26.7
2016-01-02,2.6,0.0,24.5
2016-01-03,2.9,6.3,24.5
2016-01-04,-4.2,0.4,18.0
2016-01-05,-3.8,0.0,10.4
2016-01-06,-1.8,0.5,19.6
2016-01-07,-1.3,1.3,16.8
2016-01-08,-1.7,0.9,15.5
2016-01-09,0.3,0.0,25.9
2016-01-10,2.8,3.0,18.7
2016-01-11,0.9,11.8,24.7
2016-01-12,1.5,0.0,24.8
2016-01-13,-0.1,0.0,19.3
2016-01-14,0.3,0.0,21.5
2016-01-15,2.4,0.0,13.7
2016-01-16,1.9,0.9,22.5
2016-01-17,-2.7,0.0,18.7
2016-01-18,-3.2,0.0,17.8
2016-01-19,-3.1,0.0,24.7
2016-01-20,-1.9,0.0,27.1
2016-01-21,-1.6,0.0,21.6
2016-01-22,-3.5,0.0,13.8
2016-01-23,-2.9,0.0,12.8
2016-01-24,-0.0,0.0,17.8
2016-01-25,0.6,0.0,19.7
2016-01-26,-0.7,4.0,14.8
2016-01-27,-2.7,0.8,18.4
2016-01-28,-5.6,0.0,10.8
2016-01-29,-4.5,0.0,11.8
2016-01-30,-2.2,0.5,26.4
2016-01-31,-0.5,1.4,24.9
2016-02-01,-1.2,1.2,12.0
2016-02-02,-1.1,0.0,17.0
2016-02-03,-0.1,0.0,14.7
2016-02-04,-0.5,0.0,19.2
2016-02-05,1.4,0.0,17.0
2016-02-06,2.5,0.0,12.0
2016-02-07,5.2,0.0,19.1
2016-02-08,0.1,0.0,20.6
2016-02-09,-4.3,0.0,19.4
2016-02-10,-5.2,0.0,20.4
2016-02-11,-4.4,0.0,24.3
2016-02-12,-4.3,0.0,23.5
2016-02-13,-3.5,0.0,13.7
2016-02-14,-1.7,0.0,16.1
2016-02-15,-3.3,0.0,11.8
2016-02-16,-5.0,0.0,9.5
2016-02-17,-3.3,0.0,13.7
2016-02-18,-0.1,0.0,19.9
2016-02-19,0.2,0.0,21.4
2016-02-20,2.4,0.2,15.7
2016-02-21,2.8,0.0,15.0
2016-02-22,3.7,0.0,14.1
2016-02-23,7.5,0.0,13.3
2016-02-24,10.0,0.0,17.6
2016-02-25,10.4,0.0,24.0
2016-02-26,11.0,0.0,23.1
2016-02-27,7.7,0.0,13.5
2016-02-28,7.3,0.0,23.2
2016-02-29,9.8,0.0,14.5
2016-03-01,6.5,0.0,16.3
2016-03-02,3.1,0.0,15.6
2016-03-03,4.2,0.0,26.2
2016-03-04,6.5,0.0,22.0
2016-03-05,9.4,0.0,11.0
2016-03-06,13.8,0.0,11.7
2016-03-07,14.2,0.0,19.6
2016-03-08,11.9,0.0,20.1
2016-03-09,8.5,2.5,11.3
2016-03-10,7.6,0.0,9.5
2016-03-11,9.4,0.0,16.1
2016-03-12,11.1,0.3,15.4
2016-03-13,7.2,1.3,20.5
2016-03-14,6.5,0.4,15.4
2016-03-15,7.5,1.3,28.2
2016-03-16,6.2,0.0,34.9
2016-03-17,3.3,0.0,38.5
2016-03-18,3.7,0.2,30.2
2016-03-19,7.5,0.0,26.5
2016-03-20,9.7,0.0,21.6
2016-03-21,8.5,0.4,29.8
2016-03-22,3.5,0.0,25.7
2016-03-23,8.8,1.8,32.4
2016-03-24,10.0,0.1,26.9
2016-03-25,11.0,0.0,12.6
2016-03-26,13.3,0.0,25.6
2016-03-27,17.1,0.5,17.3
2016-03-28,15.5,0.0,10.2
2016-03-29,14.7,0.0,16.6
2016-03-30,13.9,3.7,15.3
2016-03-31,10.8,4.0,33.9
2016-04-01,9.2,0.0,24.3
2016-04-02,9.6,0.0,16.0
2016-04-03,11.3,1.3,21.4
2016-04-04,11.4,0.4,22.5
2016-04-05,8.0,7.3,21.3
2016-04-06,8.0,0.2,20.8
2016-04-07,8.9,0.0,26.8
2016-04-08,7.9,0.0,17.3
2016-04-09,7.3,0.2,13.5
2016-04-10,8.6,0.0,20.2
2016-04-11,11.4,0.0,27.0
2016-04-12,14.2,0.0,16.3
2016-04-13,15.3,0.0,17.4
2016-04-14,17.7,0.0,31.0
2016-04-15,17.8,0.0,24.5
2016-04-16,18.9,0.0,24.1
2016-04-17,18.3,1.8,18.4
2016-04-18,17.9,0.0,28.9
2016-04-19,16.3,0.0,22.9
2016-04-20,17.2,0.0,22.4
2016-04-21,17.2,2.3,19.9
2016-04-22,18.6,0.0,10.7
2016-04-23,18.4,0.0,27.6
2016-04-24,14.4,0.0,23.8
2016-04-25,16.6,0.0,27.3
2016-04-26,18.9,0.0,19.6
2016-04-27,20.3,0.0,12.0
2016-04-28,19.3,0.5,27.2
2016-04-29,18.3,0.0,21.5
2016-04-30,19.1,0.0,31.1
2016-05-01,16.0,4.2,27.9
2016-05-02,15.9,0.0,19.0
2016-05-03,16.0,7.4,18.9
2016-05-04,14.7,6.4,21.5
2016-05-05,16.7,0.0,19.7
2016-05-06,17.1,2.1,18.6
2016-05-07,20.3,0.0,15.9
2016-05-08,21.0,0.2,23.6
2016-05-09,17.2,0.0,16.5
2016-05-10,17.0,0.0,12.5
2016-05-11,18.7,0.0,15.3
2016-05-12,20.4,0.0,17.1
2016-05-13,22.3,0.0,22.0
2016-05-14,22.4,1.2,28.8
2016-05-15,20.9,0.0,23.4
2016-05-16,19.5,0.0,15.5
2016-05-17,18.7,0.0,17.2
2016-05-18,17.9,0.0,20.9
2016-05-19,19.4,0.0,32.1
2016-05-20,22.1,0.0,38.3
2016-05-21,23.4,0.0,31.4
2016-05-22,23.2,0.0,24.3
2016-05-23,22.0,0.0,20.5
2016-05-24,23.4,0.0,11.3
2016-05-25,23.7,0.0,14.2
2016-05-26,24.5,0.0,13.1
2016-05-27,25.5,0.0,19.3
2016-05-28,24.7,0.0,16.1
2016-05-29,25.2,0.0,12.9
2016-05-30,26.7,0.0,12.0
2016-05-31,27.7,0.0,10.3
2016-06-01,27.8,0.4,17.9
2016-06-02,25.5,0.8,26.9
2016-06-03,25.8,0.0,18.5
2016-06-04,26.3,1.9,21.5
2016-06-05,24.1,0.0,16.9
2016-06-06,27.0,1.5,14.8
2016-06-07,30.2,0.2,20.7
2016-06-08,25.9,0.0,13.8
2016-06-09,29.9,1.5,25.4
2016-06-10,29.4,0.0,19.9
2016-06-11,28.3,0.0,19.5
2016-06-12,25.4,0.0,14.4
2016-06-13,25.7,1.1,14.0
2016-06-14,22.8,3.9,22.3
2016-06-15,20.7,7.2,21.5
2016-06-16,22.1,1.7,23.9
2016-06-17,24.1,0.0,16.1
2016-06-18,26.9,0.0,19.9
2016-06-19,25.2,0.0,18.6
2016-06-20,26.5,0.0,13.0
2016-06-21,23.8,0.0,20.4
2016-06-22,24.3,0.0,21.3
2016-06-23,26.0,0.0,7.9
2016-06-24,27.8,0.0,12.2
2016-06-25,29.9,0.4,19.8
2016-06-26,26.1,0.0,30.3
2016-06-27,23.0,0.0,16.7
2016-06-28,26.7,0.0,19.7
2016-06-29,29.6,0.0,18.5
2016-06-30,30.0,0.0,25.4
2016-07-01,27.2,0.0,15.7
2016-07-02,26.1,0.0,20.6
2016-07-03,26.1,0.0,19.5
2016-07-04,25.5,0.2,20.4
2016-07-05,25.6,0.0,13.0
2016-07-06,27.1,0.0,18.7
2016-07-07,28.2,0.0,17.7
2016-07-08,30.5,0.0,19.5
2016-07-09,31.8,0.0,19.0
2016-07-10,32.7,0.0,12.3
2016-07-11,33.8,0.0,15.5
2016-07-12,33.8,0.0,19.0
2016-07-13,29.8,0.0,26.7
2016-07-14,28.7,0.0,22.9
2016-07-15,29.2,0.0,18.7
2016-07-16,30.4,0.0,21.9
2016-07-17,28.6,0.0,18.7
2016-07-18,27.3,0.0,17.6
2016-07-19,29.5,0.0,20.6
2016-07-20,30.0,0.0,20.7
2016-07-21,28.6,0.2,21.3
2016-07-22,27.0,0.0,19.9
2016-07-23,27.9,0.0,12.7
2016-07-24,29.9,0.0,18.8
2016-07-25,29.7,1.2,13.3
2016-07-26,29.5,0.0,20.3
2016-07-27,28.3,1.5,20.6
2016-07-28,24.8,0.0,20.7
2016-07-29,24.4,0.0,13.3
2016-07-30,26.1,0.0,10.7
2016-07-31,28.7,0.0,11.3
2016-08-01,29.0,0.0,20.2
2016-08-02,26.1,0.0,24.3
2016-08-03,26.4,0.0,25.5
2016-08-04,28.2,0.0,23.2
2016-08-05,27.9,0.0,18.9
2016-08-06,28.6,0.0,19.9
2016-08-07,29.7,0.0,22.2
2016-08-08,30.9,0.0,24.1
2016-08-09,30.7,0.0,27.3
2016-08-10,30.4,0.0,30.8
2016-08-11,30.4,0.0,26.7
2016-08-12,28.8,0.0,28.5
2016-08-13,28.4,0.0,28.6
2016-08-14,28.5,0.0,28.4
2016-08-15,29.2,0.1,32.5
2016-08-16,28.0,0.0,29.0
2016-08-17,27.7,0.0,20.9
2016-08-18,28.2,0.0,31.3
2016-08-19,28.8,0.0,25.6
2016-08-20,28.8,0.0,19.9
2016-08-21,28.2,0.2,26.9
2016-08-22,24.8,0.0,30.2
2016-08-23,23.5,0.0,30.0
2016-08-24,23.5,0.0,31.7
2016-08-25,25.1,0.0,22.2
2016-08-26,27.0,0.0,15.1
2016-08-27,28.1,0.0,14.0
2016-08-28,28.6,0.0,14.9
2016-08-29,27.7,0.0,12.0
2016-08-30,27.0,0.0,24.3
2016-08-31,22.9,0.0,28.4
2016-09-01,23.3,0.0,25.3
2016-09-02,24.9,0.0,13.7
2016-09-03,24.2,0.0,17.9
2016-09-04,21.8,0.0,13.3
2016-09-05,22.4,0.0,14.5
2016-09-06,24.0,0.0,11.7
2016-09-07,25.1,0.0,11.2
2016-09-08,23.7,0.6,25.3
2016-09-09,21.9,0.0,16.9
2016-09-10,24.1,0.0,15.3
2016-09-11,18.9,2.3,22.8
2016-09-12,18.4,0.0,20.1
2016-09-13,16.6,0.0,20.7
2016-09-14,17.2,0.0,10.4
2016-09-15,20.8,0.0,13.7
2016-09-16,24.2,1.0,29.4
2016-09-17,17.7,0.0,20.5
2016-09-18,18.4,0.0,9.0
2016-09-19,19.4,0.0,8.9
2016-09-20,21.0,0.0,15.8
2016-09-21,22.0,0.0,23.2
2016-09-22,22.8,0.0,24.8
2016-09-23,23.7,0.0,29.5
2016-09-24,21.1,0.0,33.2
2016-09-25,19.8,0.0,32.2
2016-09-26,19.2,0.0,19.9
2016-09-27,20.5,0.0,13.6
2016-09-28,19.5,0.0,19.8
2016-09-29,14.9,11.4,17.6
2016-09-30,13.2,0.9,22.8
2016-10-01,12.0,0.2,15.2
2016-10-02,12.8,0.0,17.2
2016-10-03,14.2,0.0,13.4
2016-10-04,14.9,0.0,25.4
2016-10-05,15.3,0.0,30.3
2016-10-06,14.7,0.0,28.0
2016-10-07,15.2,0.0,18.4
2016-10-08,10.6,0.0,21.9
2016-10-09,11.4,0.0,18.9
2016-10-10,12.8,0.0,10.1
2016-10-11,15.3,0.0,16.3
2016-10-12,12.5,0.2,16.0
2016-10-13,5.4,0.0,20.9
2016-10-14,4.7,0.0,14.5
2016-10-15,6.9,0.8,14.8
2016-10-16,7.3,0.5,10.8
2016-10-17,7.1,3.9,15.9
2016-10-18,3.4,0.0,25.6
2016-10-19,3.1,0.0,20.6
2016-10-20,4.7,0.1,12.3
2016-10-21,4.7,0.1,14.1
2016-10-22,1.8,0.0,14.0
2016-10-23,0.1,0.0,20.7
2016-10-24,-1.8,0.0,20.8
2016-10-25,-2.7,0.0,17.3
2016-10-26,-0.2,0.0,20.8
2016-10-27,2.1,0.0,27.2
2016-10-28,4.7,0.0,17.5
2016-10-29,5.9,0.0,8.2
2016-10-30,3.8,0.0,12.6
2016-10-31,7.9,0.5,17.3
2016-11-01,7.0,3.1,16.7
2016-11-02,6.7,7.2,17.5
2016-11-03,4.5,26.9,29.3
2016-11-04,-0.2,0.2,27.6
2016-11-05,0.9,0.0,13.6
2016-11-06,1.8,0.0,9.6
2016-11-07,0.9,0.0,12.6
2016-11-08,0.3,0.0,21.3
2016-11-09,2.8,0.0,16.7
2016-11-10,3.1,0.0,9.4
2016-11-11,5.2,0.0,14.3
2016-11-12,6.7,0.0,14.2
2016-11-13,6.9,0.0,27.4
2016-11-14,2.7,0.0,16.3
2016-11-15,-0.6,2.1,21.1
2016-11-16,-4.2,1.5,23.3
2016-11-17,-5.6,0.0,22.2
2016-11-18,-5.7,0.0,30.4
2016-11-19,-5.0,0.5,33.3
2016-11-20,-10.0,0.0,27.6
2016-11-21,-11.2,0.0,21.4
2016-11-22,-11.0,0.0,9.4
2016-11-23,-8.5,0.0,10.9
2016-11-24,-8.9,0.0,20.9
2016-11-25,-7.6,0.0,15.9
2016-11-26,-5.7,0.0,18.7
2016-11-27,-5.4,0.0,17.1
2016-11-28,-4.7,0.0,10.7
2016-11-29,-4.9,0.0,8.8
2016-11-30,-2.4,0.0,15.1
2016-12-01,2.7,0.0,17.9
2016-12-02,1.6,0.0,14.3
2016-12-03,6.8,0.4,20.6
2016-12-04,3.6,0.0,21.5
2016-12-05,1.1,0.2,13.4
2016-12-06,-0.3,1.0,21.3
2016-12-07,-1.6,5.4,23.0
2016-12-08,-4.4,0.1,26.1
2016-12-09,-9.3,0.0,28.6
2016-12-10,-10.0,0.0,20.6
2016-12-11,-0.8,1.3,24.6
2016-12-12,1.1,0.1,19.3
2016-12-13,2.4,0.0,15.4
2016-12-14,3.8,0.2,15.8
2016-12-15,2.1,0.0,13.7
2016-12-16,-1.8,1.8,28.0
2016-12-17,-7.4,0.0,17.8
2016-12-18,-6.9,0.0,9.2
2016-12-19,-9.7,0.0,20.7
2016-12-20,-5.9,0.1,14.1
2016-12-21,-4.0,0.0,9.1
2016-12-22,-2.8,3.0,23.7
2016-12-23,-8.6,0.1,19.4
2016-12-24,-15.9,0.0,10.7
2016-12-25,-11.8,0.0,11.7
2016-12-26,-5.4,0.7,13.0
2016-12-27,-2.7,3.1,22.2
2016-12-28,-3.7,0.0,19.3
2016-12-29,-5.3,0.0,19.7
2016-12-30,-8.4,0.0,16.3
2016-12-31,-6.7,0.0,13.3
2017-01-01,-4.9,0.0,9.3
2017-01-02,-0.7,0.1,10.8
2017-01-03,0.1,1.9,19.5
2017-01-04,0.8,0.6,14.0
2017-01-05,1.0,0.6,6.3
2017-01-06,-0.9,0.0,15.0
2017-01-07,-1.9,0.0,21.2
2017-01-08,-4.0,0.0,15.5
2017-01-09,-4.5,0.0,9.7
2017-01-10,-3.1,0.0,12.9
2017-01-11,-2.3,0.0,15.6
2017-01-12,-6.1,0.0,8.0
2017-01-13,-6.1,0.0,15.5
2017-01-14,-6.5,0.0,21.9
2017-01-15,-6.3,0.0,27.1
2017-01-16,-6.2,0.0,24.4
2017-01-17,-6.0,0.0,15.9
2017-01-18,-5.7,0.2,9.0
2017-01-19,-3.5,0.0,13.2
2017-01-20,-4.0,0.6,9.7
2017-01-21,-5.8,0.2,14.8
2017-01-22,-2.2,0.0,22.9
2017-01-23,-4.0,0.4,26.8
2017-01-24,-4.7,0.1,21.2
2017-01-25,-1.8,0.0,19.1
2017-01-26,-1.9,0.0,13.8
2017-01-27,0.2,0.0,12.6
2017-01-28,-3.1,0.0,11.8
2017-01-29,-1.5,0.0,15.5
2017-01-30,-0.6,13.9,27.6
2017-01-31,-4.1,2.9,28.6
2017-02-01,-6.1,0.3,18.5
2017-02-02,-6.8,0.0,10.3
2017-02-03,-7.5,0.6,28.9
2017-02-04,-10.8,0.2,25.0
2017-02-05,-16.2,0.0,12.2
2017-02-06,-14.2,0.0,12.6
2017-02-07,-13.6,0.0,12.7
2017-02-08,-5.6,0.7,22.7
2017-02-09,-16.7,1.1,22.0
2017-02-10,-21.8,0.0,15.5
2017-02-11,-22.0,0.0,12.9
2017-02-12,-22.2,0.0,10.6
2017-02-13,-19.0,0.0,17.7
2017-02-14,-12.3,0.0,24.4
2017-02-15,-7.9,0.0,14.8
2017-02-16,-2.2,1.4,13.8
2017-02-17,-5.4,0.0,14.4
2017-02-18,-7.4,0.0,18.6
2017-02-19,-6.7,0.0,20.4
2017-02-20,-1.2,0.0,20.7
2017-02-21,-2.0,0.0,9.5
2017-02-22,-3.2,0.0,12.2
2017-02-23,-0.3,0.0,14.5
2017-02-24,3.3,0.0,15.9
2017-02-25,1.6,2.0,20.5
2017-02-26,2.3,0.0,14.7
2017-02-27,3.1,0.0,21.7
2017-02-28,-1.9,0.0,14.1
2017-03-01,-1.0,0.0,12.8
2017-03-02,-0.4,0.2,12.8
2017-03-03,-1.8,0.0,22.5
2017-03-04,-0.5,0.0,25.1
2017-03-05,-0.5,0.0,23.4
2017-03-06,-0.7,0.0,11.5
2017-03-07,-0.4,0.0,16.1
2017-03-08,0.0,0.0,14.8
2017-03-09,-1.9,0.0,20.9
2017-03-10,-3.3,0.0,18.8
2017-03-11,-3.9,0.0,13.7
2017-03-12,-3.5,0.0,21.5
2017-03-13,-1.3,0.0,20.1
2017-03-14,-0.1,0.0,12.1
2017-03-15,2.1,0.0,20.4
2017-03-16,1.0,0.0,14.3
2017-03-17,0.6,0.0,22.5
2017-03-18,1.4,0.0,27.7
2017-03-19,2.4,0.0,22.5
2017-03-20,4.4,0.0,30.7
2017-03-21,4.4,0.0,34.6
2017-03-22,5.2,1.5,23.9
2017-03-23,5.6,2.6,18.1
2017-03-24,4.2,0.0,13.9
2017-03-25,3.7,0.6,10.4
2017-03-26,4.9,0.1,20.2
2017-03-27,5.6,0.0,16.6
2017-03-28,11.6,0.9,19.9
2017-03-29,11.4,1.4,17.5
2017-03-30,6.5,0.0,31.0
2017-03-31,7.7,0.0,12.9
2017-04-01,2.5,0.0,24.5
2017-04-02,3.3,0.0,23.7
2017-04-03,2.0,0.0,15.6
2017-04-04,4.2,0.0,13.3
2017-04-05,4.9,1.6,23.2
2017-04-06,2.9,0.0,12.2
2017-04-07,7.0,0.0,19.0
2017-04-08,11.1,0.0,19.8
2017-04-09,14.1,0.0,17.2
2017-04-10,15.7,0.6,14.2
2017-04-11,16.5,0.4,30.4
2017-04-12,14.9,1.4,17.0
2017-04-13,13.2,15.3,23.7
2017-04-14,14.2,0.4,17.7
2017-04-15,17.8,0.3,23.1
2017-04-16,15.4,0.0,18.7
2017-04-17,12.9,0.0,21.9
2017-04-18,15.3,0.0,25.7
2017-04-19,16.9,0.0,16.9
2017-04-20,18.5,0.2,16.6
2017-04-21,14.6,4.1,27.6
2017-04-22,16.5,0.0,17.3
2017-04-23,17.6,0.0,20.5
2017-04-24,19.1,0.0,18.4
2017-04-25,21.6,0.0,14.4
2017-04-26,19.8,0.0,28.3
2017-04-27,13.8,0.0,22.6
2017-04-28,12.5,0.4,25.8
2017-04-29,14.3,2.4,16.6
2017-04-30,15.6,0.0,10.4
2017-05-01,16.4,0.0,22.7
2017-05-02,16.3,0.0,29.5
2017-05-03,19.3,0.0,33.5
2017-05-04,20.7,0.0,21.7
2017-05-05,24.0,0.1,24.2
2017-05-06,21.9,0.0,22.1
2017-05-07,17.6,0.0,11.8
2017-05-08,20.7,0.1,19.8
2017-05-09,23.2,0.1,24.8
2017-05-10,22.3,0.1,19.9
2017-05-11,22.4,0.0,11.3
2017-05-12,26.0,0.0,11.2
2017-05-13,26.9,0.0,24.5
2017-05-14,23.0,0.0,28.7
2017-05-15,20.6,0.0,17.2
2017-05-16,21.2,0.3,25.3
2017-05-17,17.6,2.5,25.2
2017-05-18,16.3,3.9,24.4
2017-05-19,19.2,0.0,25.6
2017-05-20,21.2,0.0,21.4
2017-05-21,23.2,0.0,18.7
2017-05-22,26.7,0.0,21.7
2017-05-23,22.7,0.0,21.1
2017-05-24,23.8,0.0,10.8
2017-05-25,24.6,0.0,19.0
2017-05-26,24.4,0.2,22.4
2017-05-27,26.5,0.0,22.1
2017-05-28,23.0,0.0,14.9
2017-05-29,23.9,0.1,32.3
2017-05-30,16.4,0.0,27.5
2017-05-31,19.7,0.0,19.5
2017-06-01,23.1,0.0,16.3
2017-06-02,26.4,0.0,16.6
2017-06-03,28.4,0.1,21.0
2017-06-04,25.1,0.0,24.6
2017-06-05,22.4,0.1,14.0
2017-06-06,19.6,0.7,30.9
2017-06-07,19.6,0.0,10.5
2017-06-08,23.2,0.0,10.0
2017-06-09,27.4,0.0,23.2
2017-06-10,22.2,0.0,22.9
2017-06-11,21.6,0.0,16.6
2017-06-12,24.9,0.0,20.9
2017-06-13,27.7,0.0,19.4
2017-06-14,23.2,1.8,23.9
2017-06-15,23.0,0.0,11.1
2017-06-16,26.7,0.0,10.2
2017-06-17,30.2,0.0,22.8
2017-06-18,26.4,0.0,17.8
2017-06-19,24.9,0.0,18.8
2017-06-20,26.3,0.0,18.4
2017-06-21,27.6,0.0,12.1
2017-06-22,29.4,0.1,21.7
2017-06-23,28.4,0.1,29.7
2017-06-24,27.5,0.7,17.3
2017-06-25,27.4,0.0,14.8
2017-06-26,27.4,0.0,23.8
2017-06-27,24.0,0.0,23.0
2017-06-28,25.5,0.0,14.0
2017-06-29,28.6,0.0,19.0
2017-06-30,30.4,0.2,20.9
2017-07-01,30.8,0.0,22.5
2017-07-02,28.6,0.0,16.2
2017-07-03,31.1,0.0,13.4
2017-07-04,33.1,0.0,17.4
2017-07-05,34.1,0.0,15.7
2017-07-06,35.5,0.0,16.2
2017-07-07,32.8,0.0,18.8
2017-07-08,31.9,0.0,18.3
2017-07-09,30.5,0.0,21.8
2017-07-10,27.6,0.2,16.9
2017-07-11,24.6,2.1,26.6
2017-07-12,24.5,0.5,23.7
2017-07-13,22.2,0.6,22.3
2017-07-14,21.3,0.0,18.5
2017-07-15,22.5,0.0,15.3
2017-07-16,24.7,0.0,23.7
2017-07-17,24.3,0.0,20.3
2017-07-18,26.6,0.0,22.2
2017-07-19,26.9,0.0,23.1
2017-07-20,26.6,0.0,20.1
2017-07-21,28.9,0.0,19.9
2017-07-22,30.0,0.0,24.0
2017-07-23,31.4,0.0,16.2
2017-07-24,32.9,0.0,20.0
2017-07-25,33.0,0.0,19.9
2017-07-26,31.5,0.0,17.9
2017-07-27,30.2,0.0,17.6
2017-07-28,28.9,0.0,16.3
2017-07-29,28.6,0.0,19.9
2017-07-30,29.8,0.0,19.3
2017-07-31,30.7,0.0,24.9
2017-08-01,29.3,0.0,22.4
2017-08-02,30.8,0.0,12.6
2017-08-03,27.2,1.1,26.6
2017-08-04,25.0,0.3,20.1
2017-08-05,27.3,0.0,19.5
2017-08-06,30.8,0.0,20.6
2017-08-07,33.3,0.0,22.4
2017-08-08,31.1,0.0,23.9
2017-08-09,29.8,0.0,18.6
2017-08-10,29.2,0.8,25.1
2017-08-11,22.2,0.0,25.1
2017-08-12,19.8,0.0,13.7
2017-08-13,22.0,0.0,12.8
2017-08-14,23.2,0.0,12.7
2017-08-15,24.6,0.1,25.8
2017-08-16,25.0,0.0,24.7
2017-08-17,24.2,0.0,19.6
2017-08-18,25.0,0.0,21.1
2017-08-19,25.3,0.0,17.8
2017-08-20,24.9,0.0,23.2
2017-08-21,25.3,0.0,19.0
2017-08-22,24.8,0.0,33.8
2017-08-23,25.9,0.0,34.5
2017-08-24,27.1,0.0,30.5
2017-08-25,27.1,0.0,26.7
2017-08-26,27.0,0.0,19.6
2017-08-27,27.4,0.0,13.0
2017-08-28,27.7,0.0,12.8
2017-08-29,28.1,0.0,14.0
2017-08-30,28.7,0.0,18.8
2017-08-31,29.1,0.0,20.4
2017-09-01,29.3,0.0,15.4
2017-09-02,28.6,0.0,12.1
2017-09-03,28.0,0.0,14.5
2017-09-04,28.0,0.0,15.0
2017-09-05,26.3,0.0,22.1
2017-09-06,22.3,0.0,23.6
2017-09-07,22.0,0.0,9.4
2017-09-08,23.1,0.0,8.8
2017-09-09,24.6,0.0,20.2
2017-09-10,22.7,0.0,24.9
2017-09-11,20.1,0.0,21.3
2017-09-12,15.3,0.0,14.3
2017-09-13,16.5,0.0,14.8
2017-09-14,18.8,0.0,21.8
2017-09-15,19.5,0.0,17.5
2017-09-16,21.0,0.0,22.3
2017-09-17,22.2,0.0,18.5
2017-09-18,22.9,0.0,11.0
2017-09-19,23.2,0.0,17.4
2017-09-20,22.4,0.0,25.8
2017-09-21,22.0,0.0,27.2
2017-09-22,23.3,0.0,18.7
2017-09-23,17.7,0.0,24.4
2017-09-24,12.0,0.0,24.0
2017-09-25,12.2,0.0,21.1
2017-09-26,13.2,0.0,12.6
2017-09-27,13.4,0.0,15.3
2017-09-28,9.7,0.0,23.7
2017-09-29,7.3,0.1,11.3
2017-09-30,7.3,0.0,8.8
2017-10-01,8.5,0.0,15.2
2017-10-02,11.9,0.0,11.7
2017-10-03,10.5,0.0,20.9
2017-10-04,8.4,0.3,22.4
2017-10-05,7.4,0.1,14.2
2017-10-06,6.0,0.0,19.3
2017-10-07,8.1,0.0,23.6
2017-10-08,9.5,0.0,27.1
2017-10-09,11.8,0.0,29.3
2017-10-10,12.8,0.0,29.3
2017-10-11,13.0,0.0,15.0
2017-10-12,13.5,0.0,10.4
2017-10-13,15.0,0.2,15.1
2017-10-14,13.8,1.4,13.8
2017-10-15,12.6,0.0,9.0
2017-10-16,14.4,1.6,18.6
2017-10-17,13.5,2.5,33.7
2017-10-18,8.5,3.7,29.5
2017-10-19,9.0,0.0,29.8
2017-10-20,10.1,0.0,18.1
2017-10-21,10.0,0.0,10.3
2017-10-22,11.4,0.0,9.0
2017-10-23,12.0,0.5,17.3
2017-10-24,7.0,2.5,25.8
2017-10-25,3.2,0.0,16.6
2017-10-26,4.3,0.0,25.8
2017-10-27,9.6,0.2,12.7
2017-10-28,7.7,0.0,15.3
2017-10-29,7.8,0.2,18.3
2017-10-30,16.3,0.2,21.4
2017-10-31,18.0,0.0,18.3
2017-11-01,13.2,0.0,11.4
2017-11-02,12.6,0.3,21.3
2017-11-03,7.1,0.0,24.2
2017-11-04,6.1,0.0,10.1
2017-11-05,8.7,0.2,21.1
2017-11-06,8.7,0.0,11.9
2017-11-07,6.5,0.0,10.9
2017-11-08,6.5,0.0,12.4
2017-11-09,6.8,0.0,18.0
2017-11-10,2.6,0.0,17.6
2017-11-11,4.4,0.0,24.1
2017-11-12,5.6,0.0,21.0
2017-11-13,3.9,0.0,13.4
2017-11-14,4.2,0.0,11.8
2017-11-15,2.8,0.0,10.5
2017-11-16,2.9,0.0,11.8
2017-11-17,1.9,0.0,9.2
2017-11-18,2.1,4.2,25.1
2017-11-19,1.3,0.0,16.7
2017-11-20,1.8,0.0,20.4
2017-11-21,2.3,0.0,18.8
2017-11-22,3.4,0.0,19.8
2017-11-23,4.6,0.0,17.1
2017-11-24,6.4,0.3,13.3
2017-11-25,3.7,4.2,11.3
2017-11-26,3.2,1.4,19.1
2017-11-27,0.7,0.3,13.4
2017-11-28,-0.1,0.0,22.0
2017-11-29,0.8,2.1,17.4
2017-11-30,-0.2,0.6,16.1
2017-12-01,-2.4,0.0,7.6
2017-12-02,-2.9,0.4,11.2
2017-12-03,-4.8,0.4,6.5
2017-12-04,-5.9,0.0,14.3
2017-12-05,-6.4,0.0,10.6
2017-12-06,-6.4,0.0,13.6
2017-12-07,-3.3,0.1,21.3
2017-12-08,1.1,0.2,19.4
2017-12-09,-1.2,4.8,26.4
2017-12-10,-4.0,0.1,28.6
2017-12-11,-5.4,0.0,10.8
2017-12-12,-7.3,0.0,11.9
2017-12-13,-7.2,0.0,14.3
2017-12-14,-7.7,0.0,18.9
2017-12-15,-7.6,0.0,23.1
2017-12-16,-7.9,0.0,18.2
2017-12-17,-9.6,0.0,14.3
2017-12-18,-7.4,0.0,12.5
2017-12-19,-8.9,0.0,8.0
2017-12-20,-9.0,0.0,8.4
2017-12-21,-10.0,0.0,11.5
2017-12-22,-6.6,0.0,13.9
2017-12-23,-2.6,1.6,10.0
2017-12-24,2.9,5.2,17.4
2017-12-25,-0.0,2.4,20.6
2017-12-26,-0.4,5.8,28.5
2017-12-27,-3.0,0.5,27.4
2017-12-28,-2.5,0.0,17.2
2017-12-29,-1.8,0.0,18.3
2017-12-30,-0.9,0.0,22.4
2017-12-31,-0.8,0.0,24.3
2018-01-01,-1.7,0.0,23.2
2018-01-02,-1.8,0.0,29.5
2018-01-03,-3.3,0.0,33.5
2018-01-04,-4.1,0.8,25.0
2018-01-05,-3.2,0.0,20.0
2018-01-06,-5.2,0.0,21.2
2018-01-07,-5.4,0.0,14.1
2018-01-08,-3.0,0.0,8.4
2018-01-09,-1.0,0.3,14.9
2018-01-10,0.8,1.1,33.6
2018-01-11,-4.1,0.1,32.6
2018-01-12,-4.5,0.0,10.8
2018-01-13,-5.6,0.0,19.5
2018-01-14,-8.8,0.6,15.5
2018-01-15,-13.3,0.0,14.4
2018-01-16,-12.8,0.0,14.8
2018-01-17,-10.7,0.0,12.2
2018-01-18,-8.9,0.0,11.3
2018-01-19,-6.1,0.0,15.6
2018-01-20,-2.0,0.0,17.2
2018-01-21,-1.5,0.0,21.7
2018-01-22,-2.2,0.0,27.0
2018-01-23,-6.0,0.0,34.4
2018-01-24,-11.9,0.0,36.1
2018-01-25,-12.8,0.0,34.9
2018-01-26,-15.7,0.0,33.0
2018-01-27,-17.3,0.0,30.4
2018-01-28,-16.0,0.0,26.3
2018-01-29,-13.0,0.0,34.7
2018-01-30,-9.7,0.0,26.8
2018-01-31,-8.0,0.0,12.1
2018-02-01,-4.5,0.0,16.9
2018-02-02,-1.7,1.7,15.0
2018-02-03,-3.7,0.4,13.0
2018-02-04,-5.6,0.0,12.2
2018-02-05,-7.2,0.0,13.8
2018-02-06,-8.4,0.0,14.5
2018-02-07,-8.3,0.0,15.3
2018-02-08,-6.7,0.0,24.3
2018-02-09,-7.2,0.0,23.5
2018-02-10,-8.0,0.0,9.2
2018-02-11,-7.4,0.0,7.9
2018-02-12,-5.8,0.0,9.1
2018-02-13,-3.7,0.7,16.8
2018-02-14,-9.9,0.0,15.8
2018-02-15,-10.9,0.0,15.8
2018-02-16,-9.9,0.0,10.1
2018-02-17,-9.8,0.0,12.4
2018-02-18,-8.8,0.0,21.2
2018-02-19,-3.8,0.0,31.8
2018-02-20,-1.9,2.3,28.6
2018-02-21,-0.7,4.6,18.9
2018-02-22,-3.6,0.0,11.0
2018-02-23,-1.7,0.0,14.3
2018-02-24,0.2,0.0,16.3
2018-02-25,3.0,0.0,14.3
2018-02-26,4.4,3.6,22.1
2018-02-27,3.8,5.5,28.8
2018-02-28,1.0,0.0,16.9
2018-03-01,-0.4,0.0,13.7
2018-03-02,-3.2,0.1,14.8
2018-03-03,-0.9,3.5,14.8
2018-03-04,-0.2,0.1,17.0
2018-03-05,4.4,0.2,18.5
2018-03-06,5.3,0.3,29.4
2018-03-07,-2.0,0.0,17.7
2018-03-08,1.2,0.0,26.5
2018-03-09,7.4,0.2,11.9
2018-03-10,6.6,4.0,18.2
2018-03-11,2.3,4.6,18.6
2018-03-12,3.4,0.0,11.0
2018-03-13,0.8,4.3,20.7
2018-03-14,-3.1,0.0,20.5
2018-03-15,-4.3,0.3,13.1
2018-03-16,-1.0,0.0,13.7
2018-03-17,4.3,0.1,20.5
2018-03-18,5.6,0.2,16.9
2018-03-19,8.7,0.0,13.3
2018-03-20,10.1,0.0,11.2
2018-03-21,13.4,0.0,11.0
2018-03-22,13.3,4.1,26.3
2018-03-23,8.4,1.5,27.8
2018-03-24,3.0,4.6,17.3
2018-03-25,15.5,0.0,28.9
2018-03-26,8.4,0.0,22.0
2018-03-27,5.2,0.0,11.5
2018-03-28,6.3,1.9,16.2
2018-03-29,12.1,0.0,15.0
2018-03-30,18.7,0.5,29.5
2018-03-31,3.9,0.1,25.7
2018-04-01,3.3,0.0,21.6
2018-04-02,6.9,0.0,25.1
2018-04-03,9.9,0.0,37.2
2018-04-04,11.4,0.0,28.2
2018-04-05,13.3,0.0,23.0
2018-04-06,10.9,0.0,17.3
2018-04-07,8.5,0.0,23.8
2018-04-08,8.2,0.0,9.7
2018-04-09,9.2,0.0,22.1
2018-04-10,6.3,0.0,18.4
2018-04-11,8.4,0.0,15.5
2018-04-12,13.1,0.0,15.5
2018-04-13,15.8,0.0,12.6
2018-04-14,16.7,0.0,15.9
2018-04-15,11.6,0.0,15.9
2018-04-16,11.0,0.0,11.2
2018-04-17,9.6,1.3,14.3
2018-04-18,12.4,0.0,20.1
2018-04-19,12.2,0.7,15.3
2018-04-20,13.7,0.0,13.2
2018-04-21,16.3,0.0,26.8
2018-04-22,18.3,1.5,16.6
2018-04-23,15.4,0.4,13.1
2018-04-24,12.3,21.4,23.0
2018-04-25,10.3,2.8,17.7
2018-04-26,11.0,0.0,12.9
2018-04-27,14.0,0.0,10.4
2018-04-28,18.2,0.0,13.5
2018-04-29,20.7,0.0,12.8
2018-04-30,16.5,0.6,18.3
2018-05-01,14.5,0.0,14.6
2018-05-02,18.2,0.0,17.8
2018-05-03,17.1,0.0,15.3
2018-05-04,19.5,0.0,10.1
2018-05-05,20.3,0.0,24.4
2018-05-06,11.2,0.0,23.6
2018-05-07,13.0,0.0,20.1
2018-05-08,16.0,0.0,11.1
2018-05-09,18.6,0.0,14.8
2018-05-10,23.0,0.0,20.4
2018-05-11,23.8,0.2,24.3
2018-05-12,20.6,0.0,13.8
2018-05-13,20.3,0.0,20.4
2018-05-14,16.9,0.0,23.7
2018-05-15,18.4,0.0,19.6
2018-05-16,20.7,0.0,11.5
2018-05-17,20.2,0.0,20.9
2018-05-18,18.0,0.0,16.3
2018-05-19,21.3,0.0,13.7
2018-05-20,22.6,0.0,22.7
2018-05-21,21.5,0.0,25.8
2018-05-22,23.8,0.0,16.9
2018-05-23,20.8,0.0,26.8
2018-05-24,18.5,0.0,21.0
2018-05-25,22.2,0.0,21.9
2018-05-26,25.8,0.0,11.1
2018-05-27,17.7,0.0,32.6
2018-05-28,14.5,0.0,20.3
2018-05-29,17.7,0.0,25.3
2018-05-30,14.7,0.0,25.7
2018-05-31,17.9,0.0,10.6
2018-06-01,23.1,0.0,19.5
2018-06-02,22.2,0.5,29.6
2018-06-03,14.5,0.0,14.0
2018-06-04,18.0,0.0,12.7
2018-06-05,22.7,0.0,15.0
2018-06-06,27.2,0.0,19.9
2018-06-07,30.2,0.0,20.6
2018-06-08,28.3,0.0,27.3
2018-06-09,23.2,0.0,20.5
2018-06-10,21.2,0.0,12.4
2018-06-11,24.4,0.0,15.9
2018-06-12,25.0,0.0,15.4
2018-06-13,22.1,0.1,18.4
2018-06-14,21.5,0.0,19.1
2018-06-15,23.2,0.0,17.7
2018-06-16,26.3,0.0,10.2
2018-06-17,28.5,0.0,12.6
2018-06-18,26.0,0.0,19.4
2018-06-19,23.4,0.0,14.7
2018-06-20,25.8,0.0,28.2
2018-06-21,27.3,0.0,14.6
2018-06-22,28.3,0.0,24.9
2018-06-23,27.9,0.0,17.9
2018-06-24,25.9,0.0,22.7
2018-06-25,26.9,0.0,22.8
2018-06-26,25.8,0.2,23.7
2018-06-27,24.4,2.1,20.3
2018-06-28,24.7,0.1,16.9
2018-06-29,26.9,0.0,14.8
2018-06-30,30.5,0.0,18.9
2018-07-01,29.9,0.0,21.6
2018-07-02,29.1,0.0,24.9
2018-07-03,29.7,0.0,23.0
2018-07-04,30.1,0.0,22.1
2018-07-05,31.4,0.0,13.2
2018-07-06,32.9,0.0,14.7
2018-07-07,33.2,0.0,18.3
2018-07-08,34.8,0.0,20.6
2018-07-09,34.4,0.0,17.2
2018-07-10,34.6,0.0,21.0
2018-07-11,32.6,0.0,29.4
2018-07-12,31.6,0.0,21.7
2018-07-13,31.0,0.0,17.4
2018-07-14,30.6,0.0,18.7
2018-07-15,30.1,0.0,21.6
2018-07-16,30.4,0.0,16.2
2018-07-17,31.6,0.0,17.9
2018-07-18,32.3,0.0,19.5
2018-07-19,31.7,0.0,20.9
2018-07-20,30.7,0.0,19.8
2018-07-21,32.3,0.0,19.1
2018-07-22,34.4,0.0,29.1
2018-07-23,25.3,0.0,25.6
2018-07-24,24.4,0.0,27.2
2018-07-25,25.0,0.0,27.9
2018-07-26,26.4,0.0,27.3
2018-07-27,28.1,0.0,24.0
2018-07-28,28.8,0.0,24.5
2018-07-29,29.0,0.0,17.3
2018-07-30,28.3,0.0,21.1
2018-07-31,29.0,0.0,15.2
2018-08-01,27.9,0.2,19.4
2018-08-02,25.6,0.0,13.0
2018-08-03,27.8,0.0,13.5
2018-08-04,28.8,0.0,13.8
2018-08-05,30.9,0.0,14.2
2018-08-06,32.1,0.0,21.3
2018-08-07,30.3,0.0,29.8
2018-08-08,30.1,0.0,16.6
2018-08-09,31.0,0.0,11.2
2018-08-10,31.6,0.0,19.1
2018-08-11,23.8,1.5,22.7
2018-08-12,24.4,0.0,17.6
2018-08-13,26.0,0.0,19.6
2018-08-14,26.6,0.0,22.7
2018-08-15,28.2,0.0,23.6
2018-08-16,27.4,0.0,22.0
2018-08-17,24.9,0.0,22.7
2018-08-18,26.5,0.0,14.4
2018-08-19,27.9,0.0,18.4
2018-08-20,22.2,2.9,23.6
2018-08-21,18.7,0.0,17.6
2018-08-22,21.3,0.0,11.4
2018-08-23,24.1,0.0,13.2
2018-08-24,23.6,0.0,24.2
2018-08-25,19.9,0.0,15.6
2018-08-26,21.0,0.0,20.3
2018-08-27,19.7,0.0,13.9
2018-08-28,20.3,0.0,18.6
2018-08-29,19.9,0.0,16.9
2018-08-30,19.7,0.0,19.5
2018-08-31,20.8,0.0,21.7
2018-09-01,19.2,0.0,23.4
2018-09-02,14.3,0.0,23.2
2018-09-03,15.8,0.0,28.4
2018-09-04,18.1,0.0,24.4
2018-09-05,19.7,0.0,22.7
2018-09-06,19.3,0.0,18.6
2018-09-07,17.7,0.0,15.7
2018-09-08,17.9,0.0,19.7
2018-09-09,19.0,0.0,24.3
2018-09-10,20.8,0.0,21.2
2018-09-11,21.4,0.0,17.2
2018-09-12,19.0,0.0,22.0
2018-09-13,16.5,0.0,28.7
2018-09-14,17.5,0.0,27.6
2018-09-15,19.2,0.0,22.4
2018-09-16,20.8,0.0,25.3
2018-09-17,23.2,0.0,22.7
2018-09-18,22.7,0.0,18.5
2018-09-19,21.5,0.0,17.0
2018-09-20,17.2,0.2,30.7
2018-09-21,15.8,0.0,25.9
2018-09-22,16.2,4.0,17.3
2018-09-23,15.6,0.0,12.1
2018-09-24,16.2,0.0,11.5
2018-09-25,16.8,0.0,22.0
2018-09-26,18.6,0.0,30.0
2018-09-27,18.6,0.0,19.0
2018-09-28,17.8,0.0,17.5
2018-09-29,14.9,0.0,13.9
2018-09-30,17.2,0.0,16.6
2018-10-01,17.8,0.0,12.0
2018-10-02,20.6,0.0,9.2
2018-10-03,21.2,0.0,19.4
2018-10-04,18.9,0.0,25.9
2018-10-05,19.5,0.0,15.1
2018-10-06,15.0,0.2,21.8
2018-10-07,10.5,0.0,13.6
2018-10-08,8.6,0.0,16.8
2018-10-09,10.8,0.0,15.5
2018-10-10,11.7,0.0,11.6
2018-10-11,13.7,0.0,11.4
2018-10-12,12.7,1.6,31.4
2018-10-13,6.8,0.3,27.3
2018-10-14,5.8,5.6,18.3
2018-10-15,4.3,1.0,19.7
2018-10-16,2.8,0.3,18.2
2018-10-17,3.2,0.0,18.3
2018-10-18,6.9,1.7,30.6
2018-10-19,5.9,0.0,17.8
2018-10-20,7.9,0.0,12.3
2018-10-21,8.9,0.0,10.2
2018-10-22,10.6,0.0,10.9
2018-10-23,9.2,0.0,12.9
2018-10-24,9.7,0.0,10.9
2018-10-25,11.4,0.4,12.3
2018-10-26,17.2,0.0,18.0
2018-10-27,20.5,0.0,27.1
2018-10-28,9.3,0.0,26.7
2018-10-29,7.1,0.0,9.7
2018-10-30,7.5,0.0,12.0
2018-10-31,5.1,1.8,21.9
2018-11-01,-0.5,0.0,18.9
2018-11-02,-1.3,0.0,15.9
2018-11-03,0.3,0.0,15.6
2018-11-04,3.3,0.0,11.9
2018-11-05,3.1,0.0,13.8
2018-11-06,4.2,0.0,8.7
2018-11-07,6.1,0.1,15.0
2018-11-08,3.0,0.0,18.9
2018-11-09,4.6,0.0,13.9
2018-11-10,2.7,0.1,11.9
2018-11-11,-3.8,0.0,22.3
2018-11-12,-8.0,0.0,26.0
2018-11-13,-7.1,0.0,22.5
2018-11-14,-5.0,0.0,20.0
2018-11-15,-4.4,0.0,24.3
2018-11-16,-3.2,0.0,25.0
2018-11-17,-3.7,0.0,19.0
2018-11-18,-3.1,0.0,9.5
2018-11-19,-0.5,0.3,13.6
2018-11-20,-0.5,0.8,15.1
2018-11-21,0.1,0.0,13.0
2018-11-22,1.8,3.9,24.1
2018-11-23,-0.2,0.2,11.7
2018-11-24,-1.7,0.2,35.1
2018-11-25,-5.7,0.0,12.2
2018-11-26,-3.6,1.3,20.7
2018-11-27,-1.3,0.0,12.0
2018-11-28,-0.2,0.0,10.9
2018-11-29,4.7,0.0,18.2
2018-11-30,-1.7,0.5,26.5
2018-12-01,-7.0,0.0,7.2
2018-12-02,-6.4,0.0,20.8
2018-12-03,-5.2,0.0,24.6
2018-12-04,-4.0,0.0,20.6
2018-12-05,-3.4,0.0,11.6
2018-12-06,-4.1,0.0,20.8
2018-12-07,-3.2,0.0,23.5
2018-12-08,-2.1,1.3,22.1
2018-12-09,-0.3,0.5,12.0
2018-12-10,-0.3,0.0,6.1
2018-12-11,-1.1,0.0,6.9
2018-12-12,-1.2,0.0,12.1
2018-12-13,0.0,0.0,12.2
2018-12-14,1.4,0.0,13.8
2018-12-15,-0.6,5.9,15.5
2018-12-16,-1.5,2.5,15.5
2018-12-17,-1.3,4.4,18.5
2018-12-18,-3.8,0.0,14.4
2018-12-19,-11.1,0.0,13.8
2018-12-20,-11.3,0.0,13.5
2018-12-21,-10.0,0.0,22.5
2018-12-22,-13.4,0.0,22.1
2018-12-23,-16.1,0.0,13.0
2018-12-24,-14.4,0.0,13.5
2018-12-25,-10.2,0.0,18.6
2018-12-26,-9.3,0.0,18.4
2018-12-27,-6.1,0.0,14.2
2018-12-28,0.2,0.0,16.2
2018-12-29,-1.7,1.9,16.6
2018-12-30,-4.9,0.0,14.3
2018-12-31,-6.1,0.0,17.9
2019-01-01,-8.7,0.0,22.9
2019-01-02,-13.8,0.0,13.5
2019-01-03,-8.3,0.2,13.6
2019-01-04,-8.0,0.0,21.8
2019-01-05,-14.6,0.0,19.9
2019-01-06,-4.5,0.0,13.8
2019-01-07,-3.1,0.7,16.8
2019-01-08,-3.2,0.8,14.1
2019-01-09,-2.7,0.8,15.7
2019-01-10,-5.1,0.0,20.5
2019-01-11,-6.5,0.0,17.7
2019-01-12,-7.6,0.0,14.6
2019-01-13,-1.2,0.0,22.9
2019-01-14,0.9,0.1,23.4
2019-01-15,-0.8,2.4,13.2
2019-01-16,-1.5,0.0,10.9
2019-01-17,0.5,0.0,18.7
2019-01-18,1.7,1.5,19.1
2019-01-19,1.7,0.0,22.7
2019-01-20,0.3,0.5,20.0
2019-01-21,-0.9,0.8,16.3
2019-01-22,-2.1,0.0,9.3
2019-01-23,-2.5,0.0,9.7
2019-01-24,0.3,0.0,13.6
2019-01-25,0.4,0.0,12.9
2019-01-26,-0.8,0.0,8.9
2019-01-27,-2.9,0.0,24.5
2019-01-28,-1.1,1.0,24.6
2019-01-29,-1.6,0.0,24.6
2019-01-30,-1.1,2.0,17.6
2019-01-31,-4.4,0.0,18.5
2019-02-01,-5.8,0.0,23.5
2019-02-02,-3.3,0.0,22.8
2019-02-03,-2.3,0.0,10.6
2019-02-04,-2.0,0.0,11.2
2019-02-05,-7.8,0.0,20.2
2019-02-06,-16.4,0.0,16.2
2019-02-07,-13.0,0.0,17.1
2019-02-08,-7.6,0.0,15.4
2019-02-09,0.2,0.0,16.6
2019-02-10,-4.3,0.0,17.3
2019-02-11,-4.8,0.0,14.8
2019-02-12,-3.3,0.0,25.4
2019-02-13,-3.9,0.6,31.6
2019-02-14,-1.3,1.5,20.3
2019-02-15,0.5,0.0,12.4
2019-02-16,3.4,0.0,16.9
2019-02-17,1.7,6.5,23.1
2019-02-18,0.3,0.6,26.1
2019-02-19,1.1,4.8,33.4
2019-02-20,-3.5,0.0,29.2
2019-02-21,-3.7,0.0,15.4
2019-02-22,-1.4,0.0,12.4
2019-02-23,-0.3,0.0,10.3
2019-02-24,-1.1,0.0,10.9
2019-02-25,-0.5,0.6,12.0
2019-02-26,0.6,0.0,22.7
2019-02-27,1.4,5.0,17.6
2019-02-28,0.5,0.1,13.1
2019-03-01,0.8,0.0,14.0
2019-03-02,4.0,6.3,26.5
2019-03-03,3.3,0.0,18.5
2019-03-04,0.6,1.4,18.0
2019-03-05,0.0,0.0,9.3
2019-03-06,0.9,0.0,12.5
2019-03-07,1.7,0.0,15.0
2019-03-08,3.5,0.0,18.2
2019-03-09,2.3,0.0,12.9
2019-03-10,2.5,0.0,11.1
2019-03-11,4.5,0.0,19.9
2019-03-12,6.8,0.0,11.8
2019-03-13,10.0,0.0,12.3
2019-03-14,12.3,0.0,19.4
2019-03-15,9.6,0.0,18.3
2019-03-16,4.5,0.0,26.7
2019-03-17,10.1,7.2,20.9
2019-03-18,10.3,0.0,27.7
2019-03-19,6.9,0.0,31.9
2019-03-20,8.7,0.0,18.4
2019-03-21,10.1,0.0,12.4
2019-03-22,10.8,0.1,16.1
2019-03-23,9.8,0.1,10.0
2019-03-24,10.6,0.0,16.6
2019-03-25,11.8,0.0,14.7
2019-03-26,12.5,11.2,16.7
2019-03-27,12.2,9.6,15.4
2019-03-28,11.9,0.2,29.6
2019-03-29,9.9,0.0,17.3
2019-03-30,10.4,0.0,17.3
2019-03-31,11.1,4.6,27.3
2019-04-01,6.8,2.6,25.0
2019-04-02,10.6,0.7,31.1
2019-04-03,14.7,0.0,17.2
2019-04-04,14.3,0.1,13.6
2019-04-05,9.8,0.0,16.3
2019-04-06,10.6,0.0,15.0
2019-04-07,12.5,0.0,28.7
2019-04-08,13.9,0.0,28.7
2019-04-09,14.3,0.0,12.6
2019-04-10,16.2,0.0,8.9
2019-04-11,15.1,1.6,12.9
2019-04-12,16.6,0.0,12.5
2019-04-13,17.6,0.0,9.7
2019-04-14,18.4,0.0,11.5
2019-04-15,18.1,0.0,19.4
2019-04-16,12.7,0.0,15.1
2019-04-17,13.2,0.0,11.4
2019-04-18,11.7,3.1,31.4
2019-04-19,12.8,1.1,27.3
2019-04-20,6.5,0.0,15.5
2019-04-21,6.2,1.0,20.6
2019-04-22,9.0,0.8,10.9
2019-04-23,10.7,0.2,23.8
2019-04-24,12.1,0.3,16.1
2019-04-25,12.4,0.1,18.5
2019-04-26,13.0,0.0,17.7
2019-04-27,16.3,0.5,21.7
2019-04-28,17.5,0.0,10.6
2019-04-29,18.9,0.0,10.0
2019-04-30,18.0,0.0,25.5
2019-05-01,8.3,0.0,17.8
2019-05-02,8.6,0.0,21.9
2019-05-03,11.0,0.0,18.0
2019-05-04,15.9,0.0,25.9
2019-05-05,18.9,0.0,29.5
2019-05-06,21.5,0.0,30.1
2019-05-07,22.6,0.0,30.4
2019-05-08,23.8,0.0,31.3
2019-05-09,24.5,0.0,30.6
2019-05-10,25.4,0.0,25.4
2019-05-11,26.0,0.0,29.6
2019-05-12,24.8,0.0,18.6
2019-05-13,24.8,0.0,18.6
2019-05-14,25.4,0.0,24.1
2019-05-15,25.4,0.0,24.8
2019-05-16,23.5,0.0,25.9
2019-05-17,21.2,0.4,24.4
2019-05-18,24.1,0.0,19.5
2019-05-19,23.3,0.0,23.6
2019-05-20,23.1,3.5,18.1
2019-05-21,20.6,5.9,28.1
2019-05-22,15.2,0.0,19.4
2019-05-23,16.6,0.0,19.4
2019-05-24,20.1,0.0,20.3
2019-05-25,21.5,0.0,21.1
2019-05-26,21.2,0.0,17.4
2019-05-27,23.2,0.0,17.6
2019-05-28,27.0,0.0,16.9
2019-05-29,26.5,0.0,23.1
2019-05-30,25.9,2.6,15.5
2019-05-31,25.9,0.1,10.7
2019-06-01,26.4,0.1,18.8
2019-06-02,26.6,0.0,14.3
2019-06-03,28.1,0.0,11.6
2019-06-04,29.1,0.0,18.6
2019-06-05,27.9,0.2,23.0
2019-06-06,21.3,0.0,21.2
2019-06-07,24.2,0.0,27.7
2019-06-08,22.2,0.0,19.4
2019-06-09,20.5,0.2,19.7
2019-06-10,21.0,0.0,18.7
2019-06-11,22.6,0.0,10.8
2019-06-12,26.0,0.0,15.3
2019-06-13,28.5,0.0,11.5
2019-06-14,28.9,0.0,22.4
2019-06-15,22.9,0.3,19.1
2019-06-16,21.3,0.0,19.1
2019-06-17,25.6,0.0,24.6
2019-06-18,24.9,0.0,17.4
2019-06-19,25.0,0.0,14.0
2019-06-20,26.8,0.0,15.6
2019-06-21,28.0,0.0,14.7
2019-06-22,28.1,0.0,17.0
2019-06-23,28.4,0.0,17.5
2019-06-24,27.7,0.0,18.3
2019-06-25,30.1,0.0,10.9
2019-06-26,32.6,0.0,19.4
2019-06-27,31.0,0.0,21.3
2019-06-28,31.1,0.0,28.8
2019-06-29,30.7,0.0,20.5
2019-06-30,34.0,0.0,18.9
2019-07-01,36.4,0.0,27.1
2019-07-02,26.5,2.6,27.8
2019-07-03,25.0,0.0,27.9
2019-07-04,30.5,0.0,18.2
2019-07-05,30.7,0.0,19.6
2019-07-06,30.6,0.0,21.1
2019-07-07,30.8,0.0,20.9
2019-07-08,30.1,0.0,18.0
2019-07-09,30.9,0.0,18.3
2019-07-10,32.0,0.0,18.7
2019-07-11,34.2,0.0,20.8
2019-07-12,33.8,0.0,23.2
2019-07-13,33.7,0.0,23.4
2019-07-14,33.8,0.0,13.5
2019-07-15,34.5,0.0,13.3
2019-07-16,34.4,0.0,20.3
2019-07-17,33.5,0.0,15.5
2019-07-18,34.3,0.0,20.8
2019-07-19,34.4,0.0,21.8
2019-07-20,34.2,0.0,14.2
2019-07-21,34.5,0.0,24.0
2019-07-22,30.9,0.0,24.3
2019-07-23,30.8,0.0,19.8
2019-07-24,30.4,0.0,13.0
2019-07-25,30.0,0.0,17.4
2019-07-26,29.3,0.0,15.7
2019-07-27,30.4,0.0,16.6
2019-07-28,30.2,0.0,25.7
2019-07-29,29.7,0.0,26.9
2019-07-30,29.8,0.0,11.4
2019-07-31,32.0,0.0,23.5
2019-08-01,32.6,0.0,23.5
2019-08-02,27.3,0.0,17.2
2019-08-03,24.9,0.0,9.8
2019-08-04,27.2,0.0,12.8
2019-08-05,29.0,0.0,13.2
2019-08-06,32.8,0.0,15.7
2019-08-07,31.5,0.0,30.3
2019-08-08,26.9,0.0,31.1
2019-08-09,25.9,0.0,19.6
2019-08-10,27.7,0.0,28.2
2019-08-11,28.8,0.0,27.7
2019-08-12,26.4,0.0,26.8
2019-08-13,23.1,0.0,23.7
2019-08-14,20.5,0.0,27.7
2019-08-15,19.2,1.0,14.4
2019-08-16,22.0,0.0,16.1
2019-08-17,24.3,0.0,15.2
2019-08-18,25.5,0.0,21.9
2019-08-19,27.1,0.0,23.1
2019-08-20,29.7,0.0,20.3
2019-08-21,29.3,0.0,18.5
2019-08-22,28.5,0.0,18.8
2019-08-23,24.3,0.0,23.7
2019-08-24,24.8,0.0,22.4
2019-08-25,26.0,0.0,20.9
2019-08-26,26.8,0.0,16.2
2019-08-27,25.1,0.0,16.3
2019-08-28,23.1,0.0,13.2
2019-08-29,23.1,0.0,33.4
2019-08-30,18.7,0.0,25.3
2019-08-31,16.5,0.0,14.3
2019-09-01,17.8,0.0,17.4
2019-09-02,17.4,0.0,12.1
2019-09-03,19.2,0.0,18.6
2019-09-04,19.1,0.7,26.3
2019-09-05,17.0,0.0,28.5
2019-09-06,16.1,0.0,21.7
2019-09-07,16.7,0.0,14.8
2019-09-08,17.2,0.0,17.8
2019-09-09,15.3,0.5,14.4
2019-09-10,16.9,0.0,14.5
2019-09-11,18.9,0.0,16.9
2019-09-12,19.5,0.0,19.9
2019-09-13,19.7,0.0,16.1
2019-09-14,20.7,0.0,17.2
2019-09-15,19.8,0.0,21.5
2019-09-16,19.8,0.0,17.1
2019-09-17,20.9,0.0,14.0
2019-09-18,21.4,0.0,12.0
2019-09-19,22.6,0.0,17.3
2019-09-20,22.3,0.0,12.9
2019-09-21,24.4,0.0,17.6
2019-09-22,21.8,0.0,31.4
2019-09-23,14.8,0.0,18.1
2019-09-24,16.5,0.0,9.4
2019-09-25,17.9,0.0,15.0
2019-09-26,19.9,0.0,15.1
2019-09-27,21.6,0.0,22.0
2019-09-28,13.7,0.0,18.8
2019-09-29,11.9,0.8,19.9
2019-09-30,10.9,0.0,12.0
2019-10-01,13.1,0.0,24.5
2019-10-02,14.0,0.0,23.6
2019-10-03,14.2,0.0,20.6
2019-10-04,15.3,0.0,25.0
2019-10-05,15.5,0.0,25.0
2019-10-06,16.5,0.0,12.7
2019-10-07,17.2,0.0,10.5
2019-10-08,16.7,0.0,11.5
2019-10-09,17.4,0.0,11.8
2019-10-10,17.2,0.0,22.0
2019-10-11,10.4,0.0,17.1
2019-10-12,11.1,0.0,14.8
2019-10-13,13.9,0.0,13.4
2019-10-14,11.8,4.2,24.4
2019-10-15,14.4,0.7,25.3
2019-10-16,15.5,0.0,22.8
2019-10-17,11.5,0.0,17.4
2019-10-18,8.3,0.0,15.0
2019-10-19,9.9,0.0,11.6
2019-10-20,10.0,0.0,15.0
2019-10-21,9.0,0.0,18.4
2019-10-22,6.8,0.0,18.5
2019-10-23,7.6,0.0,11.4
2019-10-24,9.9,0.0,10.9
2019-10-25,9.8,0.0,12.0
2019-10-26,10.6,0.0,15.0
2019-10-27,11.2,0.0,16.9
2019-10-28,10.8,0.0,16.1
2019-10-29,11.6,0.0,15.0
2019-10-30,11.4,0.2,11.9
2019-10-31,13.1,0.3,20.3
2019-11-01,7.3,0.0,15.5
2019-11-02,4.9,0.0,19.9
2019-11-03,9.9,0.6,29.8
2019-11-04,1.8,0.7,33.6
2019-11-05,0.5,0.0,17.9
2019-11-06,0.3,0.0,8.0
2019-11-07,2.1,0.0,10.2
2019-11-08,4.5,0.0,11.9
2019-11-09,5.7,0.0,10.7
2019-11-10,3.9,0.0,21.8
2019-11-11,0.9,0.0,16.1
2019-11-12,1.9,0.0,20.5
2019-11-13,2.0,0.0,16.0
2019-11-14,1.2,0.0,11.5
2019-11-15,1.4,0.0,21.6
2019-11-16,-0.9,0.0,25.5
2019-11-17,-2.3,0.0,18.7
2019-11-18,-2.0,0.0,12.5
2019-11-19,-1.1,0.0,14.8
2019-11-20,-4.2,0.1,21.3
2019-11-21,-9.2,0.0,24.1
2019-11-22,-7.0,0.0,23.3
2019-11-23,-5.3,0.0,10.7
2019-11-24,-5.7,0.0,11.0
2019-11-25,-5.7,0.0,15.0
2019-11-26,-4.3,0.0,6.0
2019-11-27,-6.2,0.0,13.6
2019-11-28,-5.1,0.0,17.8
2019-11-29,-3.4,0.0,24.0
2019-11-30,-3.0,0.0,24.3
2019-12-01,-1.1,0.2,18.8
2019-12-02,2.7,0.2,12.0
2019-12-03,5.0,0.0,15.8
2019-12-04,3.4,0.2,12.5
2019-12-05,1.8,0.8,16.8
2019-12-06,-3.4,0.0,16.4
2019-12-07,-5.0,0.0,8.2
2019-12-08,-3.4,0.0,21.0
2019-12-09,-1.3,0.0,24.0
2019-12-10,2.3,0.3,17.0
2019-12-11,3.6,0.2,9.9
2019-12-12,2.3,5.0,17.7
2019-12-13,-0.2,4.8,21.1
2019-12-14,-2.1,0.5,14.3
2019-12-15,-4.1,0.0,9.4
2019-12-16,-3.4,0.0,18.3
2019-12-17,-4.4,0.0,13.6
2019-12-18,-2.9,1.2,22.7
2019-12-19,0.6,5.1,28.9
2019-12-20,2.8,5.5,31.1
2019-12-21,-0.8,1.0,26.8
2019-12-22,-2.0,0.6,20.6
2019-12-23,-7.3,0.0,14.9
2019-12-24,-7.6,0.0,20.8
2019-12-25,-4.5,0.0,16.6
2019-12-26,0.6,0.0,16.2
2019-12-27,2.1,0.0,18.6
2019-12-28,-0.0,0.0,14.3
2019-12-29,-0.2,0.0,13.7
2019-12-30,-1.9,0.0,9.0
2019-12-31,-0.9,0.0,15.2
2020-01-01,-0.6,0.0,11.5
2020-01-02,-2.1,0.0,9.2
2020-01-03,-0.9,0.0,11.6
2020-01-04,0.0,2.2,12.0
2020-01-05,-2.8,0.1,9.0
2020-01-06,-3.6,0.0,12.4
2020-01-07,-3.3,1.4,14.0
2020-01-08,-4.3,0.7,13.3
2020-01-09,-7.6,0.0,19.7
2020-01-10,-5.3,0.0,17.4
2020-01-11,-5.4,0.0,6.9
2020-01-12,-6.0,0.0,10.0
2020-01-13,-5.9,0.0,9.8
2020-01-14,-2.2,1.6,23.7
2020-01-15,-1.2,2.2,23.4
2020-01-16,-3.5,0.0,8.2
2020-01-17,-3.7,0.0,18.7
2020-01-18,-3.7,0.0,12.6
2020-01-19,-3.7,0.0,8.2
2020-01-20,-3.9,0.0,10.3
2020-01-21,-5.9,0.0,11.0
2020-01-22,-2.7,0.0,26.3
2020-01-23,0.1,0.0,24.9
2020-01-24,1.2,0.3,17.2
2020-01-25,-1.8,0.5,16.6
2020-01-26,-2.0,0.2,28.8
2020-01-27,-0.3,4.3,29.3
2020-01-28,-0.9,0.2,26.0
2020-01-29,-1.3,0.0,11.7
2020-01-30,-3.5,0.0,18.5
2020-01-31,-3.8,0.0,16.9
2020-02-01,-0.5,0.0,12.2
2020-02-02,2.6,0.0,14.9
2020-02-03,-0.7,0.1,9.4
2020-02-04,2.4,0.0,20.3
2020-02-05,4.9,0.0,23.5
2020-02-06,0.1,0.0,17.1
2020-02-07,6.8,0.0,23.9
2020-02-08,10.2,0.0,23.7
2020-02-09,4.0,2.3,14.1
2020-02-10,-5.0,0.0,19.2
2020-02-11,-5.8,0.0,21.7
2020-02-12,-2.2,5.5,23.3
2020-02-13,-3.2,0.6,25.2
2020-02-14,1.5,1.0,19.6
2020-02-15,1.4,3.5,23.5
2020-02-16,-0.7,0.0,22.0
2020-02-17,-2.7,0.0,9.2
2020-02-18,-5.6,0.0,13.7
2020-02-19,-4.8,0.0,9.2
2020-02-20,-1.0,0.0,11.4
2020-02-21,0.8,0.8,8.3
2020-02-22,-0.0,4.0,20.3
2020-02-23,-1.2,0.0,11.4
2020-02-24,-0.6,0.0,10.7
2020-02-25,7.0,0.0,25.7
2020-02-26,6.7,2.8,27.2
2020-02-27,1.5,0.0,19.2
2020-02-28,1.2,0.0,19.7
2020-02-29,3.5,0.0,16.3
2020-03-01,5.4,0.0,10.9
2020-03-02,5.5,0.0,23.2
2020-03-03,1.0,0.0,27.2
2020-03-04,1.8,0.0,27.1
2020-03-05,1.9,0.0,15.3
2020-03-06,-0.7,0.0,26.6
2020-03-07,-4.8,0.0,31.0
2020-03-08,-1.5,0.0,28.8
2020-03-09,1.1,0.0,28.7
2020-03-10,2.4,0.0,14.2
2020-03-11,3.1,0.2,14.4
2020-03-12,4.6,0.2,16.4
2020-03-13,6.1,0.0,14.3
2020-03-14,9.7,0.1,14.1
2020-03-15,12.0,0.0,17.9
2020-03-16,15.3,0.1,15.5
2020-03-17,11.3,0.0,16.3
2020-03-18,8.2,0.0,17.7
2020-03-19,7.5,0.0,22.1
2020-03-20,10.8,0.0,20.2
2020-03-21,10.3,1.1,33.7
2020-03-22,6.3,0.0,18.3
2020-03-23,8.0,0.0,37.8
2020-03-24,7.6,0.0,36.3
2020-03-25,4.0,0.0,36.3
2020-03-26,4.2,0.0,29.7
2020-03-27,6.1,0.0,17.3
2020-03-28,7.9,0.0,15.1
2020-03-29,8.7,0.0,24.6
2020-03-30,11.1,0.0,30.0
2020-03-31,12.5,0.8,26.4
2020-04-01,12.7,1.6,26.6
2020-04-02,14.1,0.2,18.7
2020-04-03,15.9,0.0,20.6
2020-04-04,17.8,0.0,18.5
2020-04-05,11.9,0.0,12.2
2020-04-06,12.5,0.0,11.0
2020-04-07,10.1,0.0,29.7
2020-04-08,5.3,1.4,16.6
2020-04-09,5.7,0.0,19.8
2020-04-10,7.8,0.0,30.1
2020-04-11,11.9,0.0,19.1
2020-04-12,13.0,4.1,12.8
2020-04-13,12.2,0.1,14.4
2020-04-14,9.5,0.9,18.7
2020-04-15,8.6,0.0,11.6
2020-04-16,12.2,0.0,23.1
2020-04-17,14.7,0.0,11.0
2020-04-18,18.2,0.0,12.9
2020-04-19,19.0,0.0,14.0
2020-04-20,19.6,0.0,20.1
2020-04-21,19.5,0.0,12.2
2020-04-22,23.3,0.0,21.9
2020-04-23,19.8,0.0,16.2
2020-04-24,14.4,1.4,23.4
2020-04-25,14.5,0.4,21.0
2020-04-26,17.9,0.0,12.8
2020-04-27,25.6,0.0,23.6
2020-04-28,18.1,6.7,35.9
2020-04-29,16.0,0.0,17.2
2020-04-30,14.9,0.0,13.5
2020-05-01,18.7,0.0,25.0
2020-05-02,19.8,0.1,18.8
2020-05-03,20.5,0.0,12.3
2020-05-04,19.9,0.0,25.3
2020-05-05,18.8,0.0,30.6
2020-05-06,19.8,0.0,32.0
2020-05-07,20.2,0.0,28.9
2020-05-08,21.2,0.4,16.5
2020-05-09,19.5,4.5,16.6
2020-05-10,22.7,0.0,13.0
2020-05-11,23.3,0.0,11.3
2020-05-12,23.3,0.6,22.1
2020-05-13,18.2,2.2,21.3
2020-05-14,19.1,0.3,22.9
2020-05-15,19.6,0.0,17.4
2020-05-16,20.3,1.1,14.8
2020-05-17,22.1,0.0,18.3
2020-05-18,17.4,9.6,24.5
2020-05-19,16.5,0.1,17.0
2020-05-20,17.7,0.2,30.5
2020-05-21,17.8,0.0,13.1
2020-05-22,23.3,0.0,12.4
2020-05-23,26.9,0.0,27.4
2020-05-24,30.3,0.0,33.2
2020-05-25,31.6,0.0,34.0
2020-05-26,32.0,0.0,28.4
2020-05-27,32.8,0.0,25.7
2020-05-28,28.9,0.0,22.2
2020-05-29,26.5,0.0,21.2
2020-05-30,27.6,0.0,20.6
2020-05-31,29.6,0.0,14.8
2020-06-01,31.0,0.0,21.7
2020-06-02,32.0,0.0,13.9
2020-06-03,33.6,0.0,21.5
2020-06-04,31.3,0.0,19.2
2020-06-05,25.8,0.0,30.3
2020-06-06,24.0,0.0,26.9
2020-06-07,25.5,0.0,24.4
2020-06-08,26.0,0.0,29.1
2020-06-09,26.1,0.0,23.4
2020-06-10,26.1,0.0,21.6
2020-06-11,27.2,0.0,18.6
2020-06-12,29.3,0.0,17.4
2020-06-13,29.9,0.0,17.1
2020-06-14,30.6,0.0,11.4
2020-06-15,28.7,0.0,27.8
2020-06-16,19.8,0.0,25.3
2020-06-17,23.1,0.0,16.8
2020-06-18,25.3,0.0,9.5
2020-06-19,27.2,0.0,19.5
2020-06-20,24.7,0.0,25.6
2020-06-21,26.1,0.0,19.5
2020-06-22,27.0,0.0,16.1
2020-06-23,28.1,0.0,20.9
2020-06-24,24.4,0.0,18.9
2020-06-25,26.6,0.0,13.9
2020-06-26,25.5,0.0,33.0
2020-06-27,18.4,0.0,25.6
2020-06-28,21.1,0.0,20.1
2020-06-29,25.5,0.0,16.1
2020-06-30,27.4,0.0,14.9
2020-07-01,28.7,0.0,30.9
2020-07-02,20.9,0.2,36.4
2020-07-03,22.0,0.0,16.8
2020-07-04,25.2,0.0,15.8
2020-07-05,25.2,0.0,21.3
2020-07-06,25.9,0.0,14.6
2020-07-07,28.7,0.0,12.8
2020-07-08,30.0,0.0,18.0
2020-07-09,31.7,0.0,21.5
2020-07-10,31.4,0.0,19.1
2020-07-11,31.3,0.0,19.5
2020-07-12,31.0,0.0,27.6
2020-07-13,31.6,0.0,28.8
2020-07-14,32.4,0.0,26.1
2020-07-15,31.4,0.0,28.9
2020-07-16,31.9,0.0,27.4
2020-07-17,32.4,0.0,13.2
2020-07-18,33.1,0.0,11.8
2020-07-19,33.4,0.0,18.5
2020-07-20,33.5,0.0,26.4
2020-07-21,32.3,0.0,13.8
2020-07-22,32.4,0.0,25.0
2020-07-23,29.7,0.1,25.2
2020-07-24,29.2,0.0,20.3
2020-07-25,30.8,0.0,16.9
2020-07-26,29.7,0.0,16.3
2020-07-27,29.8,0.0,19.3
2020-07-28,27.7,0.0,22.1
2020-07-29,25.8,0.0,17.2
2020-07-30,25.9,0.0,24.0
2020-07-31,28.4,0.0,26.8
2020-08-01,26.5,0.9,24.5
2020-08-02,29.6,0.0,21.6
2020-08-03,30.2,0.0,18.1
2020-08-04,30.0,0.0,10.7
2020-08-05,30.6,0.0,14.0
2020-08-06,28.9,0.0,16.9
2020-08-07,28.9,0.0,13.7
2020-08-08,27.7,0.0,27.1
2020-08-09,28.5,0.0,24.4
2020-08-10,28.1,0.0,28.7
2020-08-11,24.7,0.0,25.0
2020-08-12,24.1,0.0,19.3
2020-08-13,25.2,0.0,12.7
2020-08-14,25.1,0.0,14.2
2020-08-15,26.4,0.0,11.1
2020-08-16,27.8,0.0,18.2
2020-08-17,23.4,0.0,18.0
2020-08-18,22.3,0.0,20.2
2020-08-19,23.9,0.0,17.3
2020-08-20,23.1,0.0,17.3
2020-08-21,23.3,0.0,15.3
2020-08-22,25.5,0.0,16.1
2020-08-23,27.2,0.0,16.8
2020-08-24,27.7,0.0,23.4
2020-08-25,22.9,0.0,19.1
2020-08-26,23.9,0.0,21.9
2020-08-27,23.1,0.0,13.6
2020-08-28,25.8,0.0,17.6
2020-08-29,26.6,0.0,23.7
2020-08-30,26.2,0.0,26.2
2020-08-31,26.9,0.0,25.6
2020-09-01,26.4,0.0,15.3
2020-09-02,26.3,0.0,10.8
2020-09-03,27.6,0.0,23.9
2020-09-04,21.7,0.0,19.4
2020-09-05,18.8,0.0,21.4
2020-09-06,16.2,0.0,20.2
2020-09-07,16.5,0.0,16.0
2020-09-08,19.0,0.0,15.0
2020-09-09,20.1,0.0,15.5
2020-09-10,20.9,0.0,19.1
2020-09-11,20.0,0.2,19.5
2020-09-12,19.7,0.0,10.4
2020-09-13,21.2,0.0,10.7
2020-09-14,22.8,0.0,17.7
2020-09-15,22.9,0.0,35.7
2020-09-16,18.0,0.5,29.7
2020-09-17,15.0,0.1,29.2
2020-09-18,15.8,0.0,11.4
2020-09-19,16.6,0.0,14.8
2020-09-20,18.8,0.0,22.9
2020-09-21,14.9,0.0,24.5
2020-09-22,13.5,0.0,19.0
2020-09-23,14.4,0.0,21.3
2020-09-24,16.8,0.0,16.3
2020-09-25,14.1,0.0,24.7
2020-09-26,12.9,0.0,29.2
2020-09-27,13.4,0.0,29.8
2020-09-28,13.6,0.0,26.6
2020-09-29,13.4,0.0,32.2
2020-09-30,14.4,0.0,29.7
2020-10-01,15.0,0.0,21.5
2020-10-02,13.1,0.0,20.1
2020-10-03,12.8,0.0,10.8
2020-10-04,13.2,0.0,14.1
2020-10-05,10.8,0.0,24.0
2020-10-06,5.2,0.0,18.1
2020-10-07,6.6,0.0,10.7
2020-10-08,8.7,0.2,21.1
2020-10-09,7.2,0.0,21.6
2020-10-10,7.8,0.0,19.2
2020-10-11,9.0,0.0,13.3
2020-10-12,9.2,0.0,11.0
2020-10-13,11.7,0.0,17.1
2020-10-14,13.2,0.0,22.6
2020-10-15,14.2,0.0,23.5
2020-10-16,14.5,0.0,21.3
2020-10-17,14.0,0.0,11.2
2020-10-18,13.3,0.0,11.9
2020-10-19,14.6,0.0,20.0
2020-10-20,12.7,0.0,20.9
2020-10-21,11.7,0.7,21.1
2020-10-22,8.9,0.1,21.8
2020-10-23,6.0,0.0,15.7
2020-10-24,3.5,0.0,11.0
2020-10-25,9.6,0.0,19.2
2020-10-26,13.5,0.0,30.9
2020-10-27,6.6,0.0,22.6
2020-10-28,2.7,0.0,15.7
2020-10-29,2.4,0.0,13.0
2020-10-30,6.5,0.0,23.2
2020-10-31,9.0,0.0,23.5
2020-11-01,8.5,0.0,16.1
2020-11-02,6.9,0.0,10.9
2020-11-03,8.0,0.0,11.8
2020-11-04,5.4,0.0,20.7
2020-11-05,5.6,0.0,22.4
2020-11-06,6.8,0.0,16.9
2020-11-07,10.7,0.0,15.7
2020-11-08,7.7,0.9,22.5
2020-11-09,5.3,0.0,27.5
2020-11-10,6.8,0.0,18.9
2020-11-11,7.9,2.2,19.1
2020-11-12,1.9,0.1,25.3
2020-11-13,-1.1,0.0,14.4
2020-11-14,-0.8,1.6,25.2
2020-11-15,-4.2,2.3,14.7
2020-11-16,-8.7,0.0,12.2
2020-11-17,-9.3,0.0,19.1
2020-11-18,-9.5,0.0,20.4
2020-11-19,-11.2,0.0,11.2
2020-11-20,-9.3,0.0,19.5
2020-11-21,-8.1,0.0,19.2
2020-11-22,-7.7,0.0,15.0
2020-11-23,-6.8,0.0,7.3
2020-11-24,-6.0,0.0,16.9
2020-11-25,-4.2,0.0,10.3
2020-11-26,-0.3,0.0,13.9
2020-11-27,-1.2,3.4,14.2
2020-11-28,-2.3,0.7,21.0
2020-11-29,-5.8,0.0,14.0
2020-11-30,-8.8,0.0,24.3
2020-12-01,-8.7,0.0,28.5
2020-12-02,-9.8,0.0,17.3
2020-12-03,-14.3,0.0,12.8
2020-12-04,-15.1,0.0,10.6
2020-12-05,-16.3,0.0,10.2
2020-12-06,-17.2,0.0,11.5
2020-12-07,-18.4,0.0,13.8
2020-12-08,-16.2,0.0,14.2
2020-12-09,-15.6,0.0,14.8
2020-12-10,-12.5,0.0,14.3
2020-12-11,-9.7,0.0,22.2
2020-12-12,-8.9,0.0,25.3
2020-12-13,-11.0,0.0,24.7
2020-12-14,-11.5,0.0,18.7
2020-12-15,-12.0,0.0,13.4
2020-12-16,-12.8,0.0,15.0
2020-12-17,-12.0,0.0,14.9
2020-12-18,-12.7,0.0,12.1
2020-12-19,-6.1,0.9,22.5
2020-12-20,-6.5,0.1,17.0
2020-12-21,-13.8,0.0,15.9
2020-12-22,-12.2,0.0,15.2
2020-12-23,-9.1,0.0,7.4
2020-12-24,-4.6,0.0,13.8
2020-12-25,-6.5,0.0,18.8
2020-12-26,-8.7,0.0,15.6
2020-12-27,-8.4,0.0,11.0
2020-12-28,-5.8,0.0,7.4
2020-12-29,-5.8,0.0,9.2
2020-12-30,-6.9,0.0,7.1
2020-12-31,-8.6,0.0,9.5
2021-01-01,-8.3,0.0,15.4
2021-01-02,-9.7,0.0,21.7
2021-01-03,-11.0,0.0,27.7
2021-01-04,-13.2,0.0,26.1
2021-01-05,-13.8,0.0,17.3
2021-01-06,-14.5,0.0,11.6
2021-01-07,-14.8,0.0,9.1
2021-01-08,-16.9,0.0,13.0
2021-01-09,-14.7,0.0,13.4
2021-01-10,-8.7,0.0,13.9
2021-01-11,-2.7,0.0,18.1
2021-01-12,-3.2,0.4,22.5
2021-01-13,-5.2,0.0,11.9
2021-01-14,-6.6,0.0,27.6
2021-01-15,-7.1,0.0,27.2
2021-01-16,-1.0,0.0,16.7
2021-01-17,-3.1,0.0,14.5
2021-01-18,-2.0,0.0,10.7
2021-01-19,-0.8,1.0,15.9
2021-01-20,-0.5,2.7,19.3
2021-01-21,-3.6,4.6,24.5
2021-01-22,-9.6,0.2,22.4
2021-01-23,-5.9,4.0,25.5
2021-01-24,-11.2,0.0,12.7
2021-01-25,-14.3,0.0,17.4
2021-01-26,-13.5,0.0,23.7
2021-01-27,-11.5,0.0,22.7
2021-01-28,-9.0,0.0,24.9
2021-01-29,-7.8,0.0,23.0
2021-01-30,-5.6,0.0,14.8
2021-01-31,-4.3,0.0,12.9
2021-02-01,-8.0,0.0,10.5
2021-02-02,-9.2,0.0,10.2
2021-02-03,-4.9,0.0,12.1
2021-02-04,-1.4,0.0,11.9
2021-02-05,1.8,0.0,12.0
2021-02-06,3.0,1.9,27.9
2021-02-07,0.6,0.0,18.9
2021-02-08,-0.7,0.3,19.1
2021-02-09,-6.5,1.1,12.4
2021-02-10,-5.8,0.0,18.9
2021-02-11,-4.3,0.0,16.9
2021-02-12,-0.4,0.0,20.7
2021-02-13,0.3,0.0,23.2
2021-02-14,1.8,0.0,15.4
2021-02-15,3.7,0.0,14.8
2021-02-16,0.9,0.0,9.1
2021-02-17,2.9,0.0,13.6
2021-02-18,8.2,1.3,23.1
2021-02-19,-2.0,10.1,17.4
2021-02-20,-6.1,0.0,7.6
2021-02-21,-3.2,0.0,12.3
2021-02-22,-3.6,0.0,12.4
2021-02-23,-0.4,3.1,39.8
2021-02-24,-14.4,0.0,31.7
2021-02-25,-15.6,0.1,31.4
2021-02-26,-11.7,0.0,16.3
2021-02-27,-4.7,0.0,23.9
2021-02-28,1.0,0.0,19.2
2021-03-01,4.3,0.0,12.5
2021-03-02,-0.1,0.0,14.8
2021-03-03,-1.8,0.0,10.0
2021-03-04,2.6,0.3,23.4
2021-03-05,0.2,0.0,15.0
2021-03-06,1.1,0.0,15.3
2021-03-07,2.2,0.0,14.0
2021-03-08,1.9,0.2,19.6
2021-03-09,4.8,0.0,14.7
2021-03-10,3.0,1.1,22.0
2021-03-11,1.3,0.1,24.0
2021-03-12,-3.8,4.2,27.2
2021-03-13,-8.8,1.2,36.9
2021-03-14,-7.5,6.0,26.8
2021-03-15,-8.5,0.0,11.7
2021-03-16,-6.8,0.0,16.4
2021-03-17,-3.9,0.0,25.7
2021-03-18,-0.5,0.0,28.8
2021-03-19,4.6,1.3,19.2
2021-03-20,5.9,0.0,19.5
2021-03-21,4.7,0.6,20.1
2021-03-22,5.0,3.9,13.8
2021-03-23,2.8,4.0,20.9
2021-03-24,3.3,0.1,21.3
2021-03-25,11.4,2.0,14.4
2021-03-26,12.2,11.1,26.3
2021-03-27,8.3,0.2,11.5
2021-03-28,6.2,0.1,23.3
2021-03-29,3.8,0.2,8.6
2021-03-30,4.5,0.5,11.5
2021-03-31,2.7,1.1,19.1
2021-04-01,3.3,0.0,12.8
2021-04-02,4.6,0.0,23.4
2021-04-03,9.1,0.0,19.5
2021-04-04,9.6,2.2,28.5
2021-04-05,10.4,0.6,22.8
2021-04-06,12.1,0.0,15.2
2021-04-07,13.4,0.0,13.4
2021-04-08,15.4,0.0,12.9
2021-04-09,16.8,0.0,15.3
2021-04-10,14.9,0.0,26.2
2021-04-11,11.1,0.0,30.4
2021-04-12,13.3,0.0,22.8
2021-04-13,11.7,0.6,24.6
2021-04-14,15.7,0.0,32.7
2021-04-15,14.9,0.2,27.1
2021-04-16,16.8,0.0,13.8
2021-04-17,17.3,0.0,11.5
2021-04-18,18.2,0.0,19.9
2021-04-19,20.3,0.0,16.6
2021-04-20,12.5,0.9,25.6
2021-04-21,7.4,0.0,24.9
2021-04-22,10.1,0.0,26.0
2021-04-23,13.0,0.0,31.7
2021-04-24,15.0,0.0,20.2
2021-04-25,15.8,0.0,18.8
2021-04-26,18.2,0.0,20.9
2021-04-27,21.8,0.0,10.9
2021-04-28,25.0,0.0,18.4
2021-04-29,23.3,0.2,27.1
2021-04-30,15.4,1.5,23.8
2021-05-01,15.5,0.0,32.9
2021-05-02,18.8,0.0,30.3
2021-05-03,20.0,0.0,21.5
2021-05-04,23.8,0.0,28.8
2021-05-05,25.0,0.0,20.2
2021-05-06,24.3,0.0,12.8
2021-05-07,21.9,0.8,18.6
2021-05-08,22.8,0.0,22.6
2021-05-09,21.0,0.0,23.7
2021-05-10,20.9,0.0,17.6
2021-05-11,19.9,0.0,18.0
2021-05-12,21.5,0.0,24.5
2021-05-13,21.7,0.0,26.0
2021-05-14,23.2,0.0,26.6
2021-05-15,22.7,0.0,31.8
2021-05-16,23.4,0.0,27.7
2021-05-17,25.2,0.0,24.3
2021-05-18,26.3,0.0,16.0
2021-05-19,27.7,0.0,22.1
2021-05-20,26.5,0.2,20.2
2021-05-21,25.6,0.0,18.3
2021-05-22,25.2,0.0,28.7
2021-05-23,28.5,0.0,33.5
2021-05-24,29.0,0.0,30.2
2021-05-25,30.4,0.0,23.3
2021-05-26,30.3,0.0,16.2
2021-05-27,31.4,0.0,17.1
2021-05-28,30.9,0.0,16.2
2021-05-29,31.7,0.0,17.0
2021-05-30,32.0,0.0,10.2
2021-05-31,33.5,0.0,20.9
2021-06-01,32.3,0.0,15.7
2021-06-02,30.6,0.0,19.3
2021-06-03,30.0,0.0,17.4
2021-06-04,33.3,0.0,31.4
2021-06-05,28.5,0.0,27.2
2021-06-06,28.5,0.0,26.5
2021-06-07,29.1,0.0,18.3
2021-06-08,28.9,0.0,22.9
2021-06-09,27.2,0.0,23.9
2021-06-10,25.6,0.0,18.4
2021-06-11,27.4,0.0,13.7
2021-06-12,29.1,0.0,23.5
2021-06-13,27.1,0.0,22.3
2021-06-14,26.0,0.0,29.1
2021-06-15,27.2,0.0,21.9
2021-06-16,29.4,0.0,18.7
2021-06-17,30.1,0.0,14.7
2021-06-18,31.7,0.0,12.9
2021-06-19,26.1,0.0,27.0
2021-06-20,23.0,0.0,20.7
2021-06-21,26.8,0.0,26.7
2021-06-22,23.4,0.0,21.1
2021-06-23,26.5,0.0,14.0
2021-06-24,27.3,0.1,20.7
2021-06-25,24.6,0.0,14.5
2021-06-26,27.0,0.0,12.5
2021-06-27,31.0,0.0,12.8
2021-06-28,32.4,0.0,12.8
2021-06-29,33.9,0.0,18.0
2021-06-30,34.1,0.0,18.2
2021-07-01,34.2,0.0,18.7
2021-07-02,34.9,0.0,19.0
2021-07-03,35.0,0.0,16.9
2021-07-04,35.2,0.0,17.3
2021-07-05,36.3,0.0,15.5
2021-07-06,36.1,0.0,16.1
2021-07-07,38.0,0.0,17.7
2021-07-08,34.5,0.0,27.3
2021-07-09,27.2,0.0,20.3
2021-07-10,24.9,0.1,16.8
2021-07-11,27.4,0.0,14.5
2021-07-12,29.3,0.0,19.8
2021-07-13,24.1,0.5,20.6
2021-07-14,21.8,0.0,21.5
2021-07-15,22.3,0.0,19.8
2021-07-16,26.4,0.0,11.3
2021-07-17,29.3,0.0,15.3
2021-07-18,30.7,0.0,22.5
2021-07-19,31.7,0.0,12.4
2021-07-20,31.1,0.0,22.4
2021-07-21,29.1,0.0,17.3
2021-07-22,29.1,0.0,17.7
2021-07-23,30.3,0.0,14.8
2021-07-24,32.3,0.0,12.2
2021-07-25,35.1,0.0,19.6
2021-07-26,31.7,0.0,25.1
2021-07-27,29.3,0.0,17.4
2021-07-28,28.5,0.0,15.6
2021-07-29,26.8,0.0,33.3
2021-07-30,26.3,0.0,12.6
2021-07-31,28.6,0.0,21.9
2021-08-01,31.2,0.0,26.9
2021-08-02,33.1,0.0,20.4
2021-08-03,34.1,0.0,17.5
2021-08-04,32.5,0.0,22.7
2021-08-05,31.9,0.0,17.0
2021-08-06,33.1,0.0,24.9
2021-08-07,33.0,0.0,11.0
2021-08-08,31.2,0.0,26.6
2021-08-09,26.4,0.0,22.0
2021-08-10,27.3,0.0,13.0
2021-08-11,29.0,0.0,18.0
2021-08-12,26.9,0.1,21.3
2021-08-13,23.6,0.0,25.2
2021-08-14,22.3,0.0,26.6
2021-08-15,22.0,0.0,21.7
2021-08-16,24.4,0.0,18.2
2021-08-17,26.9,0.0,17.1
2021-08-18,28.5,0.0,20.6
2021-08-19,29.2,0.0,25.6
2021-08-20,30.0,0.0,25.3
2021-08-21,29.8,0.0,33.7
2021-08-22,29.4,0.0,32.8
2021-08-23,29.5,0.0,27.4
2021-08-24,30.1,0.0,19.5
2021-08-25,30.0,0.0,16.7
2021-08-26,28.0,0.0,22.9
2021-08-27,29.8,0.0,10.9
2021-08-28,28.9,0.0,16.6
2021-08-29,28.8,0.0,19.1
2021-08-30,26.4,0.1,14.2
2021-08-31,24.3,0.0,14.1
2021-09-01,23.0,0.0,14.8
2021-09-02,23.5,0.0,22.4
2021-09-03,24.9,0.0,21.6
2021-09-04,27.2,0.0,21.2
2021-09-05,23.2,0.0,17.2
2021-09-06,23.5,0.0,15.3
2021-09-07,24.9,0.0,12.3
2021-09-08,23.5,0.0,22.7
2021-09-09,18.3,0.0,18.1
2021-09-10,18.5,0.0,14.5
2021-09-11,19.0,0.0,17.3
2021-09-12,19.1,0.0,13.4
2021-09-13,17.6,0.0,16.3
2021-09-14,19.8,0.0,13.5
2021-09-15,21.8,0.0,10.4
2021-09-16,23.3,0.0,17.7
2021-09-17,25.6,0.0,30.9
2021-09-18,19.1,0.0,16.5
2021-09-19,15.9,0.0,17.9
2021-09-20,14.8,0.0,17.9
2021-09-21,15.5,0.0,16.9
2021-09-22,14.6,0.0,16.9
2021-09-23,15.3,0.0,19.5
2021-09-24,16.2,0.0,22.9
2021-09-25,19.8,0.0,21.0
2021-09-26,23.4,0.0,18.3
2021-09-27,18.0,0.9,30.9
2021-09-28,17.5,0.0,28.4
2021-09-29,14.5,0.0,22.1
2021-09-30,9.7,0.0,18.7
2021-10-01,8.8,0.0,16.7
2021-10-02,8.5,0.0,10.3
2021-10-03,9.8,0.0,10.8
2021-10-04,9.8,0.0,15.8
2021-10-05,7.1,0.0,24.9
2021-10-06,5.0,0.0,26.0
2021-10-07,6.3,0.0,31.3
2021-10-08,8.9,0.3,33.2
2021-10-09,10.5,0.0,17.7
2021-10-10,8.6,0.0,12.2
2021-10-11,10.6,0.0,16.7
2021-10-12,7.7,0.0,23.2
2021-10-13,9.7,0.0,29.8
2021-10-14,11.0,0.0,26.1
2021-10-15,10.9,0.0,21.3
2021-10-16,10.3,0.0,13.6
2021-10-17,11.1,0.0,20.1
2021-10-18,12.1,0.0,24.9
2021-10-19,11.9,0.0,15.2
2021-10-20,12.3,0.0,15.6
2021-10-21,8.8,0.0,26.3
2021-10-22,4.8,0.0,20.9
2021-10-23,8.3,0.0,15.4
2021-10-24,9.7,0.0,17.7
2021-10-25,11.2,0.0,16.0
2021-10-26,10.4,0.0,13.1
2021-10-27,6.2,0.0,14.4
2021-10-28,3.7,0.0,9.2
2021-10-29,3.6,0.0,10.6
2021-10-30,4.3,0.0,9.7
2021-10-31,5.1,0.0,16.6
2021-11-01,7.6,0.0,17.2
2021-11-02,7.8,0.0,13.6
2021-11-03,3.0,0.0,30.1
2021-11-04,-3.3,0.0,30.5
2021-11-05,-3.5,0.0,27.9
2021-11-06,-1.4,0.0,27.6
2021-11-07,0.5,0.0,24.0
2021-11-08,0.5,0.0,11.9
2021-11-09,-0.1,0.0,11.6
2021-11-10,1.0,0.0,10.7
2021-11-11,4.6,0.0,13.0
2021-11-12,0.0,0.0,12.7
2021-11-13,-2.8,0.0,15.0
2021-11-14,0.4,2.1,20.1
2021-11-15,-0.0,0.0,16.7
2021-11-16,0.2,4.2,16.9
2021-11-17,-4.0,12.1,33.0
2021-11-18,-5.6,0.0,15.7
2021-11-19,-6.6,0.0,17.8
2021-11-20,-5.7,0.0,17.8
2021-11-21,-1.6,0.0,19.0
2021-11-22,1.7,0.4,20.7
2021-11-23,2.4,0.0,15.6
2021-11-24,5.0,0.0,16.8
2021-11-25,2.7,0.0,24.7
2021-11-26,-5.5,0.0,11.2
2021-11-27,-3.4,0.0,21.0
2021-11-28,-2.8,0.0,22.3
2021-11-29,-2.6,0.0,10.0
2021-11-30,-0.3,0.0,8.8
2021-12-01,3.6,0.0,18.8
2021-12-02,10.3,0.7,22.0
2021-12-03,1.7,6.5,16.6
2021-12-04,-0.6,2.7,19.8
2021-12-05,0.3,0.3,18.2
2021-12-06,0.6,0.0,7.7
2021-12-07,-0.6,0.0,11.8
2021-12-08,-2.6,0.0,18.3
2021-12-09,-2.0,0.0,28.8
2021-12-10,-1.5,0.0,28.5
2021-12-11,0.4,0.2,12.3
2021-12-12,2.1,6.2,12.6
2021-12-13,0.1,1.1,10.2
2021-12-14,-0.1,0.0,14.2
2021-12-15,-3.7,0.0,9.1
2021-12-16,-0.4,0.0,13.9
2021-12-17,-0.6,0.0,14.8
2021-12-18,-0.2,0.0,13.2
2021-12-19,2.1,0.6,14.4
2021-12-20,1.6,0.0,14.1
2021-12-21,5.8,0.3,25.5
2021-12-22,7.0,1.3,28.0
2021-12-23,2.7,0.9,27.4
2021-12-24,-2.0,1.5,19.2
2021-12-25,-2.5,0.3,17.3
2021-12-26,-6.6,0.0,13.7
2021-12-27,-10.0,0.0,11.7
2021-12-28,-7.2,0.0,11.0
2021-12-29,-7.7,0.0,12.8
2021-12-30,-4.9,0.0,26.4
2021-12-31,-4.8,0.0,16.8
2022-01-01,-6.6,0.0,9.4
2022-01-02,-3.3,0.0,12.4
2022-01-03,1.4,0.0,12.1
2022-01-04,-2.0,0.0,19.5
2022-01-05,-2.2,0.2,12.1
2022-01-06,-1.4,0.0,7.3
2022-01-07,0.2,0.0,10.3
2022-01-08,-0.4,0.0,8.3
2022-01-09,-2.1,0.0,13.2
2022-01-10,-1.5,0.0,21.3
2022-01-11,-1.4,0.0,13.8
2022-01-12,-0.3,0.0,12.7
2022-01-13,-1.3,0.1,15.5
2022-01-14,-0.6,0.5,20.2
2022-01-15,-1.5,7.3,29.6
2022-01-16,0.2,3.1,27.4
2022-01-17,-2.0,0.0,9.2
2022-01-18,-1.1,0.0,21.9
2022-01-19,-2.6,0.2,27.5
2022-01-20,-5.7,0.0,18.3
2022-01-21,-1.6,0.0,28.6
2022-01-22,-2.7,0.0,16.3
2022-01-23,-4.1,0.0,7.8
2022-01-24,-3.2,0.0,15.2
2022-01-25,-4.5,0.0,15.0
2022-01-26,-5.2,0.0,11.1
2022-01-27,-4.0,0.0,15.6
2022-01-28,-2.4,4.5,21.1
2022-01-29,-1.8,0.6,28.4
2022-01-30,-3.1,0.0,13.1
2022-01-31,-3.1,0.1,17.4
2022-02-01,-3.5,0.0,18.8
2022-02-02,-4.5,0.0,18.9
2022-02-03,-4.9,0.0,17.1
2022-02-04,-2.3,0.0,24.2
2022-02-05,-0.4,0.0,22.0
2022-02-06,-0.2,4.1,25.6
2022-02-07,-1.6,0.0,23.8
2022-02-08,-1.5,0.2,10.7
2022-02-09,0.2,0.0,10.5
2022-02-10,1.4,0.0,10.9
2022-02-11,2.5,1.2,21.9
2022-02-12,0.1,0.2,18.8
2022-02-13,1.3,0.1,21.2
2022-02-14,0.2,2.8,30.7
2022-02-15,-3.4,0.0,18.0
2022-02-16,-4.3,0.0,12.9
2022-02-17,-3.0,0.0,18.7
2022-02-18,-2.3,0.0,19.8
2022-02-19,-0.9,0.0,13.6
2022-02-20,0.4,0.0,11.4
2022-02-21,0.7,0.0,11.0
2022-02-22,0.8,0.0,12.3
2022-02-23,1.4,0.0,10.4
2022-02-24,2.7,0.0,12.2
2022-02-25,3.6,0.0,10.6
2022-02-26,3.7,0.0,14.7
2022-02-27,4.3,0.0,21.2
2022-02-28,3.9,1.5,20.0
2022-03-01,4.2,0.2,13.8
2022-03-02,3.8,0.0,9.5
2022-03-03,4.2,0.0,11.1
2022-03-04,6.2,0.0,20.5
2022-03-05,10.2,4.1,34.2
2022-03-06,7.7,0.0,43.5
2022-03-07,2.6,1.1,21.4
2022-03-08,0.2,0.0,16.5
2022-03-09,2.3,0.0,13.7
2022-03-10,4.0,0.3,23.9
2022-03-11,9.6,0.9,16.7
2022-03-12,7.3,8.0,12.6
2022-03-13,4.6,0.3,31.1
2022-03-14,1.1,0.0,11.6
2022-03-15,-0.2,0.0,11.3
2022-03-16,1.7,1.3,28.4
2022-03-17,3.4,1.3,22.3
2022-03-18,0.4,0.0,21.2
2022-03-19,-2.5,0.0,8.7
2022-03-20,-1.6,0.0,7.8
2022-03-21,0.3,0.6,18.7
2022-03-22,1.0,0.0,19.9
2022-03-23,0.8,0.0,10.3
2022-03-24,0.9,0.0,10.8
2022-03-25,5.4,0.4,24.9
2022-03-26,9.1,0.6,29.2
2022-03-27,5.3,0.6,35.2
2022-03-28,8.7,0.5,23.6
2022-03-29,3.6,4.8,39.4
2022-03-30,4.8,0.0,14.0
2022-03-31,8.8,0.0,11.0
2022-04-01,11.5,0.0,10.8
2022-04-02,11.8,0.0,11.2
2022-04-03,14.7,0.0,11.2
2022-04-04,18.2,0.0,19.2
2022-04-05,21.0,0.0,22.5
2022-04-06,15.0,4.4,24.4
2022-04-07,16.5,0.0,20.0
2022-04-08,15.0,0.0,24.0
2022-04-09,17.6,0.0,20.4
2022-04-10,18.7,0.4,14.3
2022-04-11,19.1,0.2,25.0
2022-04-12,17.1,1.9,15.7
2022-04-13,17.7,0.0,17.6
2022-04-14,19.7,0.0,13.1
2022-04-15,22.1,0.0,14.2
2022-04-16,21.6,0.0,24.5
2022-04-17,18.0,0.0,19.5
2022-04-18,19.4,0.4,20.4
2022-04-19,17.8,0.0,22.7
2022-04-20,19.3,0.0,20.0
2022-04-21,19.1,0.0,9.7
2022-04-22,21.9,0.0,21.3
2022-04-23,17.1,2.2,13.5
2022-04-24,15.0,14.7,28.6
2022-04-25,12.4,0.0,15.3
2022-04-26,16.4,0.0,22.5
2022-04-27,17.8,0.0,23.3
2022-04-28,20.4,0.0,27.5
2022-04-29,21.6,0.0,15.9
2022-04-30,21.6,0.0,11.8
2022-05-01,21.7,0.1,13.2
2022-05-02,21.6,0.3,14.2
2022-05-03,20.8,5.8,18.5
2022-05-04,19.5,0.0,14.7
2022-05-05,21.9,0.2,12.3
2022-05-06,22.9,0.0,16.4
2022-05-07,22.9,0.0,25.1
2022-05-08,22.9,0.0,28.1
2022-05-09,22.2,3.6,27.9
2022-05-10,19.7,0.2,25.0
2022-05-11,17.7,0.0,13.5
2022-05-12,20.6,1.1,23.1
2022-05-13,20.5,1.1,23.6
2022-05-14,20.5,0.2,24.1
2022-05-15,22.3,0.0,10.5
2022-05-16,24.9,0.0,13.2
2022-05-17,25.9,0.0,24.0
2022-05-18,23.6,0.1,23.0
2022-05-19,21.9,0.0,17.8
2022-05-20,23.5,0.0,19.1
2022-05-21,22.5,0.5,39.1
2022-05-22,16.9,0.0,18.5
2022-05-23,20.1,0.0,16.0
2022-05-24,22.4,0.0,21.8
2022-05-25,27.3,0.0,17.2
2022-05-26,23.9,0.0,19.9
2022-05-27,20.1,0.0,26.4
2022-05-28,19.8,0.2,15.8
2022-05-29,22.1,0.0,24.0
2022-05-30,25.4,0.0,22.2
2022-05-31,27.7,0.0,13.7
2022-06-01,26.0,0.0,18.7
2022-06-02,24.1,0.0,20.0
2022-06-03,25.5,0.0,20.3
2022-06-04,26.1,0.0,19.1
2022-06-05,27.0,0.0,16.1
2022-06-06,29.1,0.0,15.3
2022-06-07,31.1,0.0,12.9
2022-06-08,32.0,0.0,28.6
2022-06-09,28.6,0.0,15.6
2022-06-10,27.8,0.0,20.1
2022-06-11,25.0,1.0,12.5
2022-06-12,26.9,0.0,16.8
2022-06-13,28.6,0.0,17.8
2022-06-14,29.4,0.0,17.3
2022-06-15,27.8,0.0,16.8
2022-06-16,28.1,0.0,24.5
2022-06-17,30.0,0.0,22.7
2022-06-18,31.8,0.0,14.3
2022-06-19,31.3,0.0,21.9
2022-06-20,27.8,0.2,23.8
2022-06-21,27.5,0.0,16.8
2022-06-22,30.5,0.0,14.0
2022-06-23,32.7,0.0,15.6
2022-06-24,34.3,0.0,15.5
2022-06-25,35.8,0.0,16.7
2022-06-26,34.2,0.0,17.6
2022-06-27,33.0,0.0,19.8
2022-06-28,31.2,0.0,15.4
2022-06-29,31.0,0.0,25.8
2022-06-30,24.8,0.0,19.4
2022-07-01,26.7,0.0,17.2
2022-07-02,28.3,0.0,14.3
2022-07-03,29.3,0.0,20.2
2022-07-04,25.4,0.0,35.6
2022-07-05,24.8,0.0,21.3
2022-07-06,25.2,0.1,27.9
2022-07-07,23.0,0.0,22.9
2022-07-08,24.0,0.0,17.8
2022-07-09,26.0,0.0,16.9
2022-07-10,26.8,0.0,18.7
2022-07-11,26.8,0.0,17.7
2022-07-12,28.6,0.0,20.2
2022-07-13,31.2,0.0,21.7
2022-07-14,31.6,0.0,24.6
2022-07-15,31.6,0.0,21.4
2022-07-16,33.2,0.0,12.7
2022-07-17,32.5,0.0,20.3
2022-07-18,31.3,0.0,20.8
2022-07-19,32.7,0.0,23.7
2022-07-20,34.3,0.0,15.7
2022-07-21,37.2,0.0,20.0
2022-07-22,34.7,0.0,21.2
2022-07-23,33.8,0.0,29.5
2022-07-24,32.9,0.0,25.0
2022-07-25,33.6,0.0,19.2
2022-07-26,31.8,0.0,25.9
2022-07-27,29.7,0.0,19.5
2022-07-28,29.8,0.0,22.5
2022-07-29,27.3,0.5,16.4
2022-07-30,25.1,2.3,21.7
2022-07-31,25.9,0.1,15.0
2022-08-01,28.2,0.0,15.5
2022-08-02,29.0,0.1,17.9
2022-08-03,26.1,3.2,14.4
2022-08-04,26.6,0.0,13.2
2022-08-05,25.4,1.7,12.9
2022-08-06,24.6,5.8,15.8
2022-08-07,25.3,0.0,12.3
2022-08-08,27.3,0.0,16.9
2022-08-09,25.7,0.0,19.8
2022-08-10,24.9,0.0,18.4
2022-08-11,26.0,0.0,16.3
2022-08-12,27.8,0.0,21.5
2022-08-13,29.1,0.0,19.9
2022-08-14,29.7,0.0,17.2
2022-08-15,30.4,0.0,25.1
2022-08-16,28.0,0.0,26.1
2022-08-17,26.7,0.0,26.2
2022-08-18,25.6,0.0,22.7
2022-08-19,25.4,0.0,28.9
2022-08-20,21.8,0.0,27.3
2022-08-21,20.9,0.0,22.0
2022-08-22,23.0,0.0,25.4
2022-08-23,23.9,0.0,22.2
2022-08-24,24.7,0.0,17.4
2022-08-25,25.0,0.0,20.9
2022-08-26,24.5,0.0,16.0
2022-08-27,26.0,0.0,19.3
2022-08-28,27.5,0.0,17.6
2022-08-29,28.3,0.0,12.9
2022-08-30,28.0,0.0,11.3
2022-08-31,27.9,0.0,13.9
2022-09-01,28.6,0.0,14.0
2022-09-02,29.4,0.0,18.5
2022-09-03,30.1,0.0,19.2
2022-09-04,30.9,0.0,23.9
2022-09-05,31.2,0.0,24.8
2022-09-06,30.9,0.0,21.7
2022-09-07,21.6,0.0,18.8
2022-09-08,20.2,0.0,17.9
2022-09-09,19.9,0.0,11.0
2022-09-10,20.6,0.1,27.9
2022-09-11,15.6,0.0,32.6
2022-09-12,15.2,0.0,14.3
2022-09-13,17.6,0.0,23.0
2022-09-14,19.2,0.0,28.3
2022-09-15,19.4,0.0,30.1
2022-09-16,18.6,0.0,16.2
2022-09-17,19.2,0.0,12.7
2022-09-18,20.3,0.0,17.1
2022-09-19,21.8,0.0,23.9
2022-09-20,23.0,0.0,20.7
2022-09-21,23.6,0.0,17.6
2022-09-22,23.4,0.0,16.8
2022-09-23,24.4,0.0,20.2
2022-09-24,24.8,0.0,16.9
2022-09-25,25.9,0.0,16.9
2022-09-26,20.0,1.5,23.4
2022-09-27,16.0,0.0,19.1
2022-09-28,14.4,0.0,13.0
2022-09-29,12.1,0.0,21.6
2022-09-30,12.5,0.0,24.2
2022-10-01,10.2,0.0,29.3
2022-10-02,9.5,0.0,28.8
2022-10-03,11.4,0.0,24.2
2022-10-04,11.8,0.0,20.4
2022-10-05,12.6,0.0,23.7
2022-10-06,13.4,0.0,21.7
2022-10-07,15.2,0.0,14.3
2022-10-08,14.1,0.0,18.0
2022-10-09,12.3,0.0,13.3
2022-10-10,13.2,0.0,23.4
2022-10-11,13.9,0.0,25.4
2022-10-12,13.7,0.0,14.8
2022-10-13,15.0,0.0,11.2
2022-10-14,14.0,0.0,10.0
2022-10-15,12.4,0.0,10.5
2022-10-16,13.2,0.6,11.3
2022-10-17,11.2,0.0,14.8
2022-10-18,8.5,0.0,12.6
2022-10-19,9.4,0.0,17.7
2022-10-20,12.3,0.0,19.1
2022-10-21,14.1,0.0,17.3
2022-10-22,15.2,2.2,27.8
2022-10-23,8.4,0.0,15.8
2022-10-24,6.4,0.0,17.1
2022-10-25,7.6,0.0,12.7
2022-10-26,9.7,2.0,31.0
2022-10-27,4.5,0.0,11.1
2022-10-28,3.6,0.0,23.2
2022-10-29,6.9,2.6,11.5
2022-10-30,7.4,0.3,27.3
2022-10-31,5.5,0.0,13.5
2022-11-01,10.8,0.1,22.4
2022-11-02,7.1,0.7,27.0
2022-11-03,9.0,0.0,28.3
2022-11-04,7.3,0.4,22.3
2022-11-05,4.4,0.0,12.6
2022-11-06,3.1,2.0,16.9
2022-11-07,3.4,7.8,14.7
2022-11-08,2.3,0.7,9.6
2022-11-09,2.9,0.0,12.8
2022-11-10,1.8,0.0,14.8
2022-11-11,1.2,0.0,12.8
2022-11-12,0.5,0.0,9.3
2022-11-13,1.3,0.0,27.9
2022-11-14,6.9,7.0,36.2
2022-11-15,3.7,1.7,33.4
2022-11-16,-0.7,0.1,26.3
2022-11-17,-1.1,0.0,18.5
2022-11-18,1.1,0.0,18.6
2022-11-19,2.2,0.0,12.1
2022-11-20,2.0,0.0,13.0
2022-11-21,5.5,3.2,14.2
2022-11-22,6.7,0.4,14.3
2022-11-23,7.7,0.0,15.8
2022-11-24,8.8,0.0,23.4
2022-11-25,4.1,0.0,19.1
2022-11-26,0.4,0.0,30.6
2022-11-27,-4.7,0.0,36.3
2022-11-28,-5.6,0.0,38.7
2022-11-29,-3.6,0.1,27.8
2022-11-30,-4.5,1.7,16.4
2022-12-01,-8.3,0.0,16.2
2022-12-02,-10.8,0.0,7.7
2022-12-03,-10.1,0.0,11.0
2022-12-04,-11.5,0.0,9.8
2022-12-05,-12.4,0.0,7.0
2022-12-06,-12.1,0.0,11.2
2022-12-07,-10.8,0.0,9.7
2022-12-08,-13.5,0.0,10.5
2022-12-09,-15.6,0.0,9.2
2022-12-10,-13.4,0.0,20.9
2022-12-11,-11.9,0.0,26.0
2022-12-12,-10.5,0.0,26.4
2022-12-13,-9.7,0.0,22.7
2022-12-14,-8.5,0.0,16.0
2022-12-15,-5.8,0.6,17.9
2022-12-16,-6.5,0.0,12.9
2022-12-17,-7.1,0.0,14.4
2022-12-18,-6.0,0.0,21.4
2022-12-19,-5.8,0.0,22.6
2022-12-20,-4.6,0.0,13.3
2022-12-21,-4.7,1.0,23.8
2022-12-22,-5.2,0.0,15.0
2022-12-23,-7.3,0.0,18.3
2022-12-24,-8.6,0.0,22.6
2022-12-25,-6.9,0.0,27.4
2022-12-26,-6.2,0.0,22.3
2022-12-27,-2.6,2.1,8.6
2022-12-28,-1.2,1.6,10.8
2022-12-29,-2.5,0.1,11.3
2022-12-30,-0.2,2.8,19.7
2022-12-31,-2.5,0.1,19.4
2023-01-01,-2.8,0.0,16.4
2023-01-02,0.0,2.2,28.1
2023-01-03,2.8,14.7,37.5
2023-01-04,0.9,0.0,21.4
2023-01-05,5.1,0.0,19.5
2023-01-06,0.8,0.0,14.2
2023-01-07,2.5,0.0,16.9
2023-01-08,-0.7,0.0,22.5
2023-01-09,-7.6,0.0,11.0
2023-01-10,-11.6,0.0,15.5
2023-01-11,-16.5,0.0,12.5
2023-01-12,-14.9,0.0,9.2
2023-01-13,-13.2,0.0,11.8
2023-01-14,-11.8,0.0,13.0
2023-01-15,-10.6,0.0,16.1
2023-01-16,-9.1,0.0,24.7
2023-01-17,-7.4,0.0,26.9
2023-01-18,-8.2,0.0,27.1
2023-01-19,-8.8,0.0,26.9
2023-01-20,-8.0,0.0,25.6
2023-01-21,-5.3,0.0,21.7
2023-01-22,-5.2,0.0,29.2
2023-01-23,-7.3,0.0,24.1
2023-01-24,-7.8,0.0,8.4
2023-01-25,-6.1,0.0,11.4
2023-01-26,-5.3,0.0,8.2
2023-01-27,-6.4,0.0,11.9
2023-01-28,-6.8,0.0,10.4
2023-01-29,-6.8,0.0,17.7
2023-01-30,-5.6,0.1,17.4
2023-01-31,-3.2,0.0,12.0
2023-02-01,-0.8,0.3,26.2
2023-02-02,1.0,11.5,25.2
2023-02-03,-1.4,0.2,16.6
2023-02-04,-0.7,1.3,15.0
2023-02-05,-0.3,3.6,19.9
2023-02-06,-1.8,0.0,9.5
2023-02-07,-1.9,0.0,19.2
2023-02-08,-2.5,0.0,23.0
2023-02-09,-8.6,0.7,21.7
2023-02-10,-8.1,0.2,20.2
2023-02-11,-6.3,0.8,22.1
2023-02-12,-5.6,0.0,12.8
2023-02-13,-5.8,0.0,11.9
2023-02-14,-3.1,1.0,22.5
2023-02-15,-3.2,0.0,19.5
2023-02-16,-2.5,0.0,20.9
2023-02-17,-0.1,1.9,15.5
2023-02-18,-3.3,0.3,25.3
2023-02-19,-1.1,0.0,15.5
2023-02-20,3.8,0.0,21.1
2023-02-21,5.6,0.0,21.4
2023-02-22,5.4,0.0,21.9
2023-02-23,4.4,0.0,17.4
2023-02-24,0.1,0.0,11.3
2023-02-25,-3.4,0.2,14.0
2023-02-26,-2.0,0.0,18.9
2023-02-27,-0.9,0.0,12.1
2023-02-28,0.7,0.0,12.5
2023-03-01,7.0,0.0,23.0
2023-03-02,7.5,0.3,21.0
2023-03-03,1.7,0.6,22.0
2023-03-04,1.0,0.0,10.0
2023-03-05,6.4,1.7,19.7
2023-03-06,5.7,2.0,12.7
2023-03-07,13.7,3.6,28.3
2023-03-08,4.8,0.7,14.8
2023-03-09,4.4,0.0,20.9
2023-03-10,8.9,0.0,15.3
2023-03-11,11.8,6.7,18.9
2023-03-12,9.3,0.0,13.9
2023-03-13,8.3,0.0,15.5
2023-03-14,9.1,0.0,13.7
2023-03-15,6.8,0.0,23.1
2023-03-16,3.9,0.0,21.6
2023-03-17,6.3,0.0,21.2
2023-03-18,4.9,0.0,29.7
2023-03-19,6.7,0.0,31.8
2023-03-20,6.4,0.0,29.0
2023-03-21,4.8,0.0,25.0
2023-03-22,6.3,0.0,19.8
2023-03-23,8.4,0.0,20.2
2023-03-24,10.0,0.0,24.0
2023-03-25,10.6,0.0,18.7
2023-03-26,11.9,0.0,12.5
2023-03-27,14.9,0.0,23.8
2023-03-28,15.7,0.0,20.1
2023-03-29,17.4,0.0,11.8
2023-03-30,18.5,0.0,14.0
2023-03-31,15.6,0.0,32.4
2023-04-01,9.3,0.0,39.3
2023-04-02,9.9,0.0,34.5
2023-04-03,11.3,0.0,31.3
2023-04-04,13.4,0.9,11.2
2023-04-05,13.0,0.3,15.3
2023-04-06,11.9,1.3,15.8
2023-04-07,12.4,0.0,12.5
2023-04-08,13.2,2.6,17.5
2023-04-09,15.0,0.0,18.7
2023-04-10,12.7,1.9,15.6
2023-04-11,13.3,0.0,11.5
2023-04-12,14.4,0.0,16.6
2023-04-13,19.2,0.0,22.7
2023-04-14,24.3,0.0,29.8
2023-04-15,16.9,0.1,22.8
2023-04-16,11.9,0.0,33.2
2023-04-17,4.7,0.0,30.5
2023-04-18,6.4,0.0,12.8
2023-04-19,9.7,0.0,21.7
2023-04-20,12.2,0.0,28.2
2023-04-21,13.2,0.0,27.6
2023-04-22,15.9,0.0,19.1
2023-04-23,21.4,0.0,25.8
2023-04-24,18.8,0.0,19.8
2023-04-25,18.5,0.0,31.7
2023-04-26,20.2,0.0,34.9
2023-04-27,21.5,0.0,29.6
2023-04-28,22.4,0.0,16.3
2023-04-29,23.7,0.0,13.7
2023-04-30,23.1,0.0,22.6
2023-05-01,22.5,0.0,22.9
2023-05-02,19.8,0.0,30.0
2023-05-03,16.7,0.0,30.6
2023-05-04,14.3,0.0,37.2
2023-05-05,16.6,0.0,40.9
2023-05-06,19.2,0.0,31.7
2023-05-07,19.8,0.0,14.4
2023-05-08,22.0,0.0,13.6
2023-05-09,24.4,0.0,12.2
2023-05-10,26.3,0.0,14.0
2023-05-11,28.6,0.0,21.4
2023-05-12,27.5,0.0,18.7
2023-05-13,25.6,0.0,23.0
2023-05-14,21.4,0.0,14.4
2023-05-15,22.7,0.0,26.7
2023-05-16,23.4,3.0,26.2
2023-05-17,18.7,0.0,27.8
2023-05-18,19.7,0.8,20.2
2023-05-19,18.6,2.1,14.9
2023-05-20,19.7,0.0,13.4
2023-05-21,21.7,0.0,11.7
2023-05-22,23.4,0.0,16.9
2023-05-23,24.7,0.0,22.9
2023-05-24,24.0,0.0,23.0
2023-05-25,23.9,0.0,18.9
2023-05-26,24.4,0.0,14.8
2023-05-27,24.5,0.0,17.6
2023-05-28,24.6,0.0,17.8
2023-05-29,25.0,0.0,29.2
2023-05-30,26.0,0.0,29.0
2023-05-31,29.0,0.0,27.0
2023-06-01,28.9,0.0,28.6
2023-06-02,28.4,0.0,31.6
2023-06-03,29.3,0.0,24.2
2023-06-04,29.6,0.0,15.5
2023-06-05,30.9,0.0,13.8
2023-06-06,32.0,0.0,16.6
2023-06-07,32.6,0.0,26.6
2023-06-08,31.4,0.0,15.3
2023-06-09,26.3,1.2,22.9
2023-06-10,26.7,0.0,26.1
2023-06-11,28.2,0.0,30.8
2023-06-12,29.1,0.0,34.8
2023-06-13,29.6,0.0,30.9
2023-06-14,30.4,0.0,24.9
2023-06-15,30.4,0.0,18.6
2023-06-16,31.6,0.0,14.6
2023-06-17,32.3,0.0,14.4
2023-06-18,32.8,0.0,24.8
2023-06-19,29.1,0.3,35.9
2023-06-20,26.2,0.0,21.2
2023-06-21,23.6,0.0,18.0
2023-06-22,24.9,0.0,14.8
2023-06-23,24.9,0.0,19.2
2023-06-24,23.4,0.0,15.8
2023-06-25,25.1,0.0,18.6
2023-06-26,28.6,0.0,24.6
2023-06-27,25.9,0.0,21.3
2023-06-28,23.5,0.0,14.6
2023-06-29,25.8,0.0,15.8
2023-06-30,27.7,0.0,20.0
2023-07-01,29.9,0.0,27.6
2023-07-02,31.0,0.0,27.0
2023-07-03,28.7,0.0,21.1
2023-07-04,29.1,0.0,23.2
2023-07-05,27.9,0.1,18.0
2023-07-06,29.1,0.0,23.0
2023-07-07,30.4,0.0,21.3
2023-07-08,32.0,0.0,18.7
2023-07-09,31.9,0.0,17.9
2023-07-10,32.9,0.0,18.1
2023-07-11,34.2,0.0,29.3
2023-07-12,34.8,0.0,20.2
2023-07-13,33.1,0.0,25.0
2023-07-14,29.2,0.0,26.9
2023-07-15,27.4,0.0,11.3
2023-07-16,30.0,0.0,12.0
2023-07-17,33.2,0.0,17.3
2023-07-18,28.8,0.2,32.6
2023-07-19,28.4,0.0,19.1
2023-07-20,29.3,0.0,15.5
2023-07-21,31.1,0.0,21.8
2023-07-22,30.3,0.0,17.5
2023-07-23,32.1,0.0,14.0
2023-07-24,34.1,0.0,15.3
2023-07-25,35.2,0.0,18.9
2023-07-26,35.8,0.0,25.1
2023-07-27,32.4,0.0,21.1
2023-07-28,30.8,0.0,21.2
2023-07-29,31.7,0.0,17.2
2023-07-30,33.6,0.0,16.2
2023-07-31,34.0,0.0,20.2
2023-08-01,32.5,0.1,18.2
2023-08-02,31.1,0.0,19.0
2023-08-03,29.9,0.0,17.5
2023-08-04,30.9,0.0,17.5
2023-08-05,31.7,0.0,19.8
2023-08-06,29.8,0.2,23.6
2023-08-07,26.9,0.3,21.3
2023-08-08,27.2,0.0,10.1
2023-08-09,29.7,0.0,16.0
2023-08-10,29.6,0.0,26.1
2023-08-11,27.0,0.0,23.6
2023-08-12,23.6,0.0,17.0
2023-08-13,22.7,0.0,20.5
2023-08-14,21.6,0.0,14.9
2023-08-15,24.0,0.0,11.3
2023-08-16,28.7,0.0,15.6
2023-08-17,29.3,0.0,21.2
2023-08-18,30.5,0.0,19.7
2023-08-19,30.7,0.0,15.8
2023-08-20,30.1,0.0,13.8
2023-08-21,29.0,0.0,22.0
2023-08-22,29.0,0.0,11.9
2023-08-23,30.4,0.0,16.6
2023-08-24,28.8,0.0,20.8
2023-08-25,25.0,0.0,18.0
2023-08-26,25.0,0.0,19.2
2023-08-27,22.0,1.0,26.7
2023-08-28,20.6,0.0,18.4
2023-08-29,23.0,0.0,26.3
2023-08-30,18.7,6.2,23.1
2023-08-31,19.5,0.0,26.1
2023-09-01,21.1,0.0,22.8
2023-09-02,21.8,0.0,21.9
2023-09-03,19.7,0.0,16.9
2023-09-04,18.4,0.0,17.2
2023-09-05,18.5,0.0,12.6
2023-09-06,19.4,0.0,16.9
2023-09-07,19.4,0.0,15.4
2023-09-08,21.4,0.0,14.5
2023-09-09,20.3,0.0,23.7
2023-09-10,19.6,0.0,14.7
2023-09-11,18.0,0.6,49.1
2023-09-12,17.4,0.0,25.5
2023-09-13,16.8,0.0,18.6
2023-09-14,15.8,0.0,16.9
2023-09-15,17.5,0.0,15.6
2023-09-16,18.3,0.0,12.7
2023-09-17,19.7,0.0,21.7
2023-09-18,20.3,0.0,20.1
2023-09-19,19.6,0.0,23.0
2023-09-20,19.5,0.0,14.8
2023-09-21,17.4,0.3,16.3
2023-09-22,17.6,0.0,10.7
2023-09-23,18.5,0.0,14.9
2023-09-24,19.1,0.0,19.9
2023-09-25,18.9,0.0,28.8
2023-09-26,19.8,0.0,25.5
2023-09-27,19.9,0.0,13.3
2023-09-28,18.6,0.0,17.6
2023-09-29,16.0,0.0,11.0
2023-09-30,17.4,0.0,15.5
2023-10-01,16.8,0.0,14.8
2023-10-02,16.2,0.0,9.7
2023-10-03,16.3,0.0,12.3
2023-10-04,15.6,0.0,17.2
2023-10-05,16.7,0.0,16.5
2023-10-06,17.4,0.4,20.3
2023-10-07,16.1,0.0,8.4
2023-10-08,17.1,0.0,22.4
2023-10-09,18.3,0.0,16.7
2023-10-10,19.1,0.2,23.7
2023-10-11,11.9,1.5,20.8
2023-10-12,10.6,2.3,16.6
2023-10-13,8.4,1.5,19.4
2023-10-14,7.3,0.0,9.9
2023-10-15,7.7,0.0,10.9
2023-10-16,10.0,0.0,24.9
2023-10-17,11.4,0.0,22.3
2023-10-18,11.3,0.0,11.4
2023-10-19,13.1,0.0,14.5
2023-10-20,16.1,0.0,16.6
2023-10-21,11.4,0.0,16.6
2023-10-22,10.8,0.5,36.2
2023-10-23,7.2,0.0,13.2
2023-10-24,6.5,0.0,11.4
2023-10-25,14.7,0.5,23.2
2023-10-26,9.3,0.3,22.7
2023-10-27,5.0,0.0,16.2
2023-10-28,10.7,0.3,14.4
2023-10-29,12.9,0.0,9.7
2023-10-30,13.8,3.0,14.4
2023-10-31,8.2,0.3,18.2
2023-11-01,7.3,0.0,12.1
2023-11-02,9.0,0.0,14.7
2023-11-03,9.0,0.0,19.9
2023-11-04,7.4,0.0,8.2
2023-11-05,8.0,0.0,22.7
2023-11-06,8.8,0.0,24.4
2023-11-07,9.2,2.5,19.2
2023-11-08,9.8,6.6,18.1
2023-11-09,8.3,0.6,21.3
2023-11-10,8.5,0.0,15.5
2023-11-11,9.0,0.0,26.3
2023-11-12,6.0,0.4,23.7
2023-11-13,3.9,0.0,18.2
2023-11-14,5.1,0.0,18.1
2023-11-15,6.3,0.0,13.6
2023-11-16,10.6,0.0,14.1
2023-11-17,13.8,0.0,15.9
2023-11-18,9.9,0.0,34.1
2023-11-19,5.9,0.0,13.0
2023-11-20,6.3,0.0,21.4
2023-11-21,10.5,0.4,23.3
2023-11-22,10.0,0.3,24.8
2023-11-23,6.5,0.4,33.4
2023-11-24,6.4,0.0,29.3
2023-11-25,0.6,0.0,11.9
2023-11-26,4.5,0.0,16.6
2023-11-27,9.9,0.0,16.9
2023-11-28,9.8,0.0,13.9
2023-11-29,4.8,1.0,18.4
2023-11-30,-1.0,0.0,10.9
2023-12-01,0.9,0.0,13.1
2023-12-02,2.0,0.0,15.3
2023-12-03,4.2,0.2,20.6
2023-12-04,5.8,0.0,9.0
2023-12-05,7.1,0.0,17.8
2023-12-06,2.8,0.0,19.3
2023-12-07,-4.6,0.0,23.0
2023-12-08,-5.7,0.0,22.7
2023-12-09,-10.5,0.0,13.2
2023-12-10,-11.0,0.0,20.9
2023-12-11,-12.4,0.0,23.2
2023-12-12,-18.0,0.0,24.1
2023-12-13,-13.1,0.0,40.7
2023-12-14,-11.5,0.0,42.0
2023-12-15,-9.1,0.0,40.9
2023-12-16,-4.4,0.0,11.9
2023-12-17,-1.9,0.0,14.5
2023-12-18,1.2,2.6,21.7
2023-12-19,-3.7,0.3,23.6
2023-12-20,0.1,2.3,23.2
2023-12-21,-0.3,0.0,24.3
2023-12-22,-1.6,0.0,24.0
2023-12-23,0.9,0.0,18.8
2023-12-24,5.3,0.0,24.8
2023-12-25,6.4,1.5,28.2
2023-12-26,1.2,0.6,24.9
2023-12-27,4.3,2.0,30.9
2023-12-28,5.0,0.0,26.7
2023-12-29,0.8,0.0,35.6
2023-12-30,1.0,0.0,23.1
2023-12-31,1.9,0.0,22.1
2024-01-01,1.0,0.0,15.6
2024-01-02,0.8,0.0,18.7
2024-01-03,-1.1,0.0,14.8
2024-01-04,0.7,0.0,14.3
2024-01-05,0.7,0.0,12.0
2024-01-06,2.7,0.8,12.1
2024-01-07,2.4,0.8,16.3
2024-01-08,3.5,0.5,23.0
2024-01-09,4.5,0.2,18.1
2024-01-10,-0.6,0.9,33.0
2024-01-11,-5.1,0.2,25.6
2024-01-12,-4.3,0.4,16.5
2024-01-13,1.2,4.8,20.9
2024-01-14,-6.9,1.1,22.7
2024-01-15,-11.5,0.0,14.3
2024-01-16,-8.0,0.0,19.7
2024-01-17,-5.8,0.0,22.6
2024-01-18,-5.9,0.0,12.9
2024-01-19,-7.0,0.0,11.2
2024-01-20,-8.9,0.0,20.0
2024-01-21,-7.1,0.0,28.9
2024-01-22,-5.3,0.0,25.9
2024-01-23,-4.6,0.0,11.2
2024-01-24,-2.0,0.0,9.9
2024-01-25,-5.2,7.7,19.1
2024-01-26,-10.3,0.0,12.0
2024-01-27,-8.7,0.0,24.8
2024-01-28,-5.8,0.0,28.0
2024-01-29,-5.3,1.3,26.9
2024-01-30,-3.9,0.9,15.3
2024-01-31,-7.2,2.0,26.6
2024-02-01,-4.9,2.3,29.7
2024-02-02,-6.2,0.0,16.7
2024-02-03,-10.0,0.0,10.4
2024-02-04,-5.5,0.0,14.3
2024-02-05,-1.9,0.0,18.0
2024-02-06,1.4,0.0,25.5
2024-02-07,1.3,6.4,31.7
2024-02-08,2.7,0.0,18.6
2024-02-09,6.3,0.0,16.7
2024-02-10,6.3,0.0,15.8
2024-02-11,-0.7,0.0,17.6
2024-02-12,-4.3,0.0,16.6
2024-02-13,1.9,0.0,15.9
2024-02-14,7.1,0.0,16.0
2024-02-15,1.4,0.0,25.2
2024-02-16,-14.1,0.0,27.2
2024-02-17,-11.3,0.0,35.3
2024-02-18,-9.1,0.0,33.3
2024-02-19,-9.1,0.3,31.0
2024-02-20,-5.8,0.3,23.3
2024-02-21,-4.4,0.0,9.0
2024-02-22,-3.5,1.4,10.8
2024-02-23,-6.9,0.0,13.0
2024-02-24,-8.5,0.0,18.8
2024-02-25,-7.1,0.0,23.5
2024-02-26,-5.3,0.0,21.9
2024-02-27,-3.4,0.0,25.1
2024-02-28,-1.5,0.0,23.2
2024-02-29,-0.6,0.0,21.2
2024-03-01,-1.1,0.0,18.0
2024-03-02,-2.9,0.0,19.9
2024-03-03,-3.2,0.0,19.6
2024-03-04,-1.3,0.0,10.7
2024-03-05,0.6,0.0,9.4
2024-03-06,1.4,0.0,10.4
2024-03-07,4.5,0.8,14.8
2024-03-08,3.9,0.0,13.0
2024-03-09,7.3,3.4,34.5
2024-03-10,3.6,0.0,16.3
2024-03-11,3.2,1.0,16.8
2024-03-12,2.2,0.2,23.2
2024-03-13,-3.0,0.0,16.2
2024-03-14,-2.6,0.0,10.0
2024-03-15,-1.2,0.0,11.2
2024-03-16,2.4,0.0,23.1
2024-03-17,5.1,0.0,24.8
2024-03-18,9.2,0.0,17.2
2024-03-19,8.3,0.0,13.2
2024-03-20,8.5,15.8,24.3
2024-03-21,6.4,15.0,23.2
2024-03-22,5.4,0.1,17.6
2024-03-23,7.5,0.0,11.7
2024-03-24,8.3,0.0,14.4
2024-03-25,14.8,3.2,16.6
2024-03-26,15.3,4.5,22.2
2024-03-27,12.5,0.0,20.0
2024-03-28,10.6,10.0,36.7
2024-03-29,7.3,3.5,34.2
2024-03-30,4.5,0.0,20.9
2024-03-31,5.0,0.0,15.2
2024-04-01,7.2,0.0,18.4
2024-04-02,8.7,0.0,18.7
2024-04-03,10.8,0.0,17.1
2024-04-04,12.8,0.0,16.4
2024-04-05,13.6,1.2,13.5
2024-04-06,15.0,0.0,12.9
2024-04-07,15.6,0.0,16.9
2024-04-08,15.8,0.3,18.7
2024-04-09,12.2,0.0,18.5
2024-04-10,13.8,0.0,10.2
2024-04-11,14.8,0.0,28.5
2024-04-12,12.1,0.0,25.3
2024-04-13,13.7,0.0,17.2
2024-04-14,15.3,0.0,10.8
2024-04-15,16.9,0.0,11.3
2024-04-16,17.2,0.0,15.8
2024-04-17,19.2,0.0,11.0
2024-04-18,21.1,0.0,26.8
2024-04-19,23.4,0.0,31.6
2024-04-20,24.4,0.0,36.0
2024-04-21,22.5,0.0,31.0
2024-04-22,21.7,0.1,21.5
2024-04-23,22.3,1.4,15.1
2024-04-24,22.7,1.7,14.5
2024-04-25,20.3,1.2,21.9
2024-04-26,16.8,0.0,25.3
2024-04-27,13.9,0.0,28.3
2024-04-28,14.2,0.0,22.6
2024-04-29,16.6,0.0,14.8
2024-04-30,20.3,0.0,13.5
2024-05-01,16.7,0.0,26.4
2024-05-02,19.6,0.0,13.3
2024-05-03,23.8,0.0,20.5
2024-05-04,21.6,1.7,16.1
2024-05-05,15.0,15.4,21.6
2024-05-06,17.0,0.0,16.2
2024-05-07,21.5,0.0,14.4
2024-05-08,23.2,0.0,23.9
2024-05-09,20.6,0.0,21.4
2024-05-10,18.0,0.0,15.6
2024-05-11,19.1,0.0,14.1
2024-05-12,20.8,0.0,13.0
2024-05-13,24.6,0.0,22.0
2024-05-14,25.3,0.0,23.5
2024-05-15,21.6,0.0,13.9
2024-05-16,23.0,0.0,9.3
2024-05-17,21.4,10.4,17.9
2024-05-18,20.4,0.6,29.0
2024-05-19,15.4,1.5,39.8
2024-05-20,17.4,0.0,22.5
2024-05-21,18.4,0.0,16.7
2024-05-22,19.6,0.0,13.9
2024-05-23,21.1,0.0,11.7
2024-05-24,23.0,0.0,26.8
2024-05-25,13.4,0.0,29.0
2024-05-26,16.4,0.0,20.9
2024-05-27,22.3,0.0,20.7
2024-05-28,17.4,0.0,20.0
2024-05-29,18.2,0.0,18.9
2024-05-30,21.4,0.0,12.0
2024-05-31,24.4,0.0,13.3
2024-06-01,25.8,0.0,14.0
2024-06-02,26.4,0.0,19.1
2024-06-03,23.8,0.0,19.2
2024-06-04,24.7,0.0,21.6
2024-06-05,26.2,0.0,19.5
2024-06-06,28.2,0.0,21.9
2024-06-07,29.6,0.0,18.5
2024-06-08,31.3,0.0,17.4
2024-06-09,32.3,0.1,19.3
2024-06-10,30.1,0.0,16.3
2024-06-11,28.9,0.0,19.0
2024-06-12,28.4,0.0,27.1
2024-06-13,26.6,0.0,18.4
2024-06-14,27.6,0.0,20.6
2024-06-15,29.1,0.0,17.6
2024-06-16,31.0,0.0,19.2
2024-06-17,32.4,0.0,18.1
2024-06-18,33.2,0.0,22.7
2024-06-19,31.5,0.0,21.9
2024-06-20,32.5,0.0,18.5
2024-06-21,32.4,0.0,18.1
2024-06-22,31.7,0.0,29.0
2024-06-23,29.4,0.0,24.5
2024-06-24,27.5,0.0,24.7
2024-06-25,27.9,0.0,13.0
2024-06-26,30.3,0.0,13.1
2024-06-27,33.7,0.0,18.4
2024-06-28,27.6,0.0,23.8
2024-06-29,26.3,0.0,18.1
2024-06-30,25.8,0.0,29.2
2024-07-01,21.3,0.0,25.7
2024-07-02,25.0,0.0,19.5
2024-07-03,28.1,0.0,12.7
2024-07-04,29.8,0.0,18.9
2024-07-05,28.0,0.0,18.7
2024-07-06,28.8,0.7,24.6
2024-07-07,28.1,0.0,19.6
2024-07-08,27.5,0.0,15.7
2024-07-09,29.3,0.0,11.4
2024-07-10,30.9,0.0,15.5
2024-07-11,31.9,0.0,14.5
2024-07-12,30.8,0.0,24.3
2024-07-13,25.5,4.8,23.2
2024-07-14,24.0,1.1,22.3
2024-07-15,22.2,10.2,21.7
2024-07-16,24.3,0.0,15.2
2024-07-17,24.6,3.4,17.9
2024-07-18,26.4,2.3,11.9
2024-07-19,27.5,0.0,19.1
2024-07-20,27.0,0.0,21.7
2024-07-21,27.5,0.0,12.6
2024-07-22,29.0,0.0,12.6
2024-07-23,30.5,0.0,19.9
2024-07-24,31.5,0.0,15.2
2024-07-25,33.4,0.0,27.7
2024-07-26,28.2,0.3,18.6
2024-07-27,27.4,0.0,16.8
2024-07-28,27.4,0.0,17.1
2024-07-29,26.0,0.0,19.6
2024-07-30,28.7,0.0,19.2
2024-07-31,30.4,0.0,23.1
2024-08-01,32.8,0.0,16.8
2024-08-02,30.2,0.0,25.7
2024-08-03,28.7,0.0,11.8
2024-08-04,30.2,0.0,19.4
2024-08-05,29.1,0.0,20.0
2024-08-06,30.7,0.0,13.0
2024-08-07,33.4,0.0,11.3
2024-08-08,35.0,0.0,18.6
2024-08-09,31.3,0.0,24.3
2024-08-10,26.7,0.0,14.2
2024-08-11,29.7,0.0,19.4
2024-08-12,28.7,0.0,13.7
2024-08-13,30.4,0.0,22.7
2024-08-14,29.2,0.0,14.5
2024-08-15,26.3,0.0,21.6
2024-08-16,24.4,0.0,16.5
2024-08-17,23.0,0.5,20.5
2024-08-18,23.6,0.0,24.4
2024-08-19,24.0,0.0,14.1
2024-08-20,26.2,0.0,17.0
2024-08-21,25.1,0.0,13.3
2024-08-22,25.6,0.0,13.8
2024-08-23,26.9,2.8,24.1
2024-08-24,22.7,0.0,18.8
2024-08-25,21.1,0.0,13.6
2024-08-26,22.3,0.0,13.3
2024-08-27,23.2,0.0,21.0
2024-08-28,20.6,2.0,27.8
2024-08-29,23.0,0.0,19.3
2024-08-30,23.9,0.0,12.4
2024-08-31,25.2,0.0,22.2
2024-09-01,21.3,0.0,21.3
2024-09-02,18.2,0.0,23.8
2024-09-03,19.7,0.0,21.0
2024-09-04,21.2,0.0,12.7
2024-09-05,18.6,0.0,19.2
2024-09-06,16.9,0.0,22.4
2024-09-07,15.8,0.0,12.6
2024-09-08,12.7,2.9,10.8
2024-09-09,17.9,0.0,16.8
2024-09-10,20.3,0.0,14.5
2024-09-11,21.2,0.0,15.6
2024-09-12,22.3,0.0,31.1
2024-09-13,19.8,0.0,32.6
2024-09-14,19.3,0.0,33.1
2024-09-15,19.7,0.0,32.9
2024-09-16,20.0,0.0,23.8
2024-09-17,18.3,0.0,29.3
2024-09-18,18.6,0.0,27.6
2024-09-19,19.2,0.0,19.9
2024-09-20,17.4,0.0,13.0
2024-09-21,18.2,0.0,11.3
2024-09-22,19.6,0.0,13.0
2024-09-23,19.0,0.0,10.2
2024-09-24,21.1,0.0,16.3
2024-09-25,18.7,0.0,23.9
2024-09-26,16.3,0.0,27.3
2024-09-27,13.4,0.0,24.7
2024-09-28,15.3,0.0,30.5
2024-09-29,16.7,0.0,32.7
2024-09-30,16.7,0.0,31.6
2024-10-01,18.1,0.0,16.9
2024-10-02,18.4,0.0,11.2
2024-10-03,19.3,0.0,15.3
2024-10-04,18.9,0.0,24.4
2024-10-05,17.9,0.4,15.4
2024-10-06,16.5,0.0,13.4
2024-10-07,16.6,0.0,10.9
2024-10-08,17.3,0.0,17.4
2024-10-09,17.4,0.0,11.1
2024-10-10,16.3,7.1,22.6
2024-10-11,13.6,0.7,29.1
2024-10-12,9.8,0.0,13.9
2024-10-13,6.7,0.4,13.8
2024-10-14,4.0,0.0,17.7
2024-10-15,3.4,0.3,12.0
2024-10-16,4.5,0.0,13.2
2024-10-17,6.2,0.0,20.0
2024-10-18,8.5,0.0,23.6
2024-10-19,10.3,0.0,22.2
2024-10-20,12.5,0.0,21.0
2024-10-21,12.2,0.2,20.3
2024-10-22,9.7,0.0,12.0
2024-10-23,9.8,0.7,26.2
2024-10-24,10.5,0.7,27.0
2024-10-25,11.5,0.0,16.9
2024-10-26,11.8,0.0,23.8
2024-10-27,10.1,3.0,24.7
2024-10-28,5.6,1.3,24.3
2024-10-29,6.4,1.6,14.5
2024-10-30,6.7,3.0,13.3
2024-10-31,7.4,0.5,26.2
2024-11-01,6.2,0.0,14.5
2024-11-02,10.1,0.0,18.1
2024-11-03,12.9,0.0,18.1
2024-11-04,9.8,0.7,18.9
2024-11-05,5.1,1.7,15.7
2024-11-06,4.9,0.0,39.6
2024-11-07,1.7,4.5,23.7
2024-11-08,1.7,1.6,22.8
2024-11-09,3.4,1.0,16.0
2024-11-10,3.4,0.0,24.5
2024-11-11,6.0,2.8,24.2
2024-11-12,2.2,1.1,17.6
2024-11-13,-3.2,0.0,16.6
2024-11-14,-1.7,0.0,12.1
2024-11-15,-0.4,0.0,14.6
2024-11-16,0.5,0.0,7.8
2024-11-17,1.1,0.0,11.8
2024-11-18,2.0,1.0,9.3
2024-11-19,3.8,5.2,15.2
2024-11-20,3.7,1.7,19.7
2024-11-21,2.7,0.0,16.8
2024-11-22,1.3,0.0,28.0
2024-11-23,1.9,0.0,31.4
2024-11-24,1.5,0.0,37.2
2024-11-25,1.0,0.0,24.6
2024-11-26,1.2,0.0,13.9
2024-11-27,0.4,0.0,9.9
2024-11-28,1.5,0.5,18.2
2024-11-29,5.2,0.3,24.2
2024-11-30,4.5,0.2,19.8
2024-12-01,2.5,0.0,18.1
2024-12-02,-0.2,0.0,12.2
2024-12-03,-2.2,0.0,9.5
2024-12-04,-1.5,0.0,11.2
2024-12-05,-1.0,0.0,14.6
2024-12-06,-1.1,0.2,11.8
2024-12-07,-2.7,0.4,18.5
2024-12-08,-6.6,0.0,15.4
2024-12-09,-8.5,0.0,16.1
2024-12-10,-12.9,0.0,15.9
2024-12-11,-10.4,0.0,12.0
2024-12-12,-4.6,0.0,15.1
2024-12-13,0.7,0.9,23.3
2024-12-14,2.0,6.0,18.3
2024-12-15,-4.2,0.6,26.1
2024-12-16,-6.0,0.0,18.3
2024-12-17,-5.8,0.0,16.5
2024-12-18,-0.6,0.8,22.5
2024-12-19,1.8,2.2,24.7
2024-12-20,-3.2,0.3,29.7
2024-12-21,-4.4,0.0,13.5
2024-12-22,-7.3,0.0,21.7
2024-12-23,-6.6,0.0,22.5
2024-12-24,-5.0,0.0,18.6
2024-12-25,-5.9,0.0,16.5
2024-12-26,-5.4,0.0,6.7
2024-12-27,-6.8,0.0,7.2
2024-12-28,-4.7,0.0,17.4
2024-12-29,-5.0,4.1,19.5
2024-12-30,-2.1,0.2,8.9
2024-12-31,-3.6,1.2,4.6
2025-01-01,-2.4,0.1,23.5
2025-01-02,-0.0,2.0,24.1
2025-01-03,-1.3,0.0,14.9
2025-01-04,-0.2,0.0,8.3
2025-01-05,0.4,0.0,9.9
2025-01-06,1.4,0.0,14.4
2025-01-07,-0.4,2.8,29.4
2025-01-08,-7.8,0.0,21.9
2025-01-09,-7.2,0.0,21.2
2025-01-10,-5.2,0.0,21.8
2025-01-11,-5.8,0.0,17.9
2025-01-12,-4.5,0.0,16.4
2025-01-13,-3.5,0.0,15.6
2025-01-14,-4.3,0.0,10.5
2025-01-15,-2.2,0.2,16.6
2025-01-16,-2.3,0.0,15.2
2025-01-17,-2.2,0.2,18.1
2025-01-18,0.3,0.5,14.9
2025-01-19,1.7,1.3,18.1
2025-01-20,1.9,0.8,26.2
2025-01-21,1.6,1.1,39.2
2025-01-22,-5.8,0.5,34.4
2025-01-23,-13.7,0.0,18.8
2025-01-24,-12.3,0.0,25.8
2025-01-25,-8.2,0.0,24.9
2025-01-26,-5.5,0.0,13.3
2025-01-27,-7.5,0.0,10.6
2025-01-28,-5.6,0.0,12.8
2025-01-29,-4.8,0.0,17.0
2025-01-30,-1.3,0.4,16.7
2025-01-31,-0.8,0.0,7.3
2025-02-01,-0.2,0.0,7.2
2025-02-02,-2.4,0.0,20.1
2025-02-03,-3.7,0.0,26.4
2025-02-04,-3.5,0.0,25.8
2025-02-05,-4.3,0.0,22.6
2025-02-06,-5.8,0.0,22.4
2025-02-07,-8.5,0.0,18.2
2025-02-08,-7.1,0.1,15.0
2025-02-09,-3.6,4.7,17.6
2025-02-10,-3.0,0.0,29.5
2025-02-11,-3.0,0.3,20.4
2025-02-12,-2.9,0.0,13.8
2025-02-13,0.9,0.0,13.8
2025-02-14,-0.0,0.2,13.2
2025-02-15,-1.5,0.0,11.1
2025-02-16,-1.9,0.0,12.3
2025-02-17,-0.3,0.0,14.3
2025-02-18,-0.2,0.0,13.4
2025-02-19,0.0,0.0,12.0
2025-02-20,-1.5,0.0,10.7
2025-02-21,1.0,0.0,16.9
2025-02-22,4.9,1.3,12.5
2025-02-23,1.8,9.7,17.8
2025-02-24,0.5,7.7,13.8
2025-02-25,-1.7,5.7,14.2
2025-02-26,-2.9,0.1,17.7
2025-02-27,-3.6,0.0,12.5
2025-02-28,-2.4,0.1,9.5
2025-03-01,0.5,0.0,14.1
2025-03-02,-3.8,1.6,16.5
2025-03-03,-6.6,5.4,25.8
2025-03-04,-6.4,0.9,27.0
2025-03-05,0.4,0.0,16.9
2025-03-06,1.7,0.2,30.3
2025-03-07,1.1,4.1,27.6
2025-03-08,4.3,2.8,30.4
2025-03-09,2.3,0.4,21.3
2025-03-10,0.0,0.0,9.4
2025-03-11,1.9,0.0,14.9
2025-03-12,2.9,0.0,19.9
2025-03-13,4.3,0.0,17.8
2025-03-14,4.5,0.0,10.9
2025-03-15,6.5,0.0,8.4
2025-03-16,9.8,0.0,13.8
2025-03-17,13.7,0.0,16.7
2025-03-18,14.0,0.0,13.5
2025-03-19,16.0,0.0,14.6
2025-03-20,19.1,0.0,19.6
2025-03-21,11.2,2.5,19.6
2025-03-22,7.7,1.2,21.5
2025-03-23,8.7,0.3,21.9
2025-03-24,6.5,3.1,21.3
2025-03-25,4.4,0.0,30.8
2025-03-26,4.0,0.5,33.8
2025-03-27,2.9,0.1,22.8
2025-03-28,5.7,0.2,14.5
2025-03-29,10.7,0.0,13.0
2025-03-30,9.9,0.0,15.4
2025-03-31,10.6,0.0,18.2
2025-04-01,12.6,0.0,21.5
2025-04-02,15.6,0.0,22.9
2025-04-03,18.5,0.0,20.3
2025-04-04,20.7,0.0,37.8
2025-04-05,16.7,0.0,12.4
2025-04-06,17.9,4.2,25.0
2025-04-07,18.3,0.0,33.5
2025-04-08,17.8,0.0,15.1
2025-04-09,19.2,0.0,14.9
2025-04-10,21.6,0.0,17.7
2025-04-11,22.4,0.0,16.0
2025-04-12,21.4,0.0,22.9
2025-04-13,15.6,5.8,19.1
2025-04-14,15.2,0.0,14.1
2025-04-15,13.8,0.0,23.6
2025-04-16,12.3,0.0,23.3
2025-04-17,14.6,0.0,23.9
2025-04-18,12.9,0.0,21.4
2025-04-19,15.1,0.0,18.9
2025-04-20,17.4,0.0,15.4
2025-04-21,18.6,0.0,22.9
2025-04-22,20.3,0.0,13.3
2025-04-23,21.4,0.0,11.9
2025-04-24,22.6,0.0,14.8
2025-04-25,23.6,0.0,17.2
2025-04-26,25.5,0.5,19.4
2025-04-27,25.8,0.0,16.6
2025-04-28,26.9,0.7,22.9
2025-04-29,15.3,2.1,26.4
2025-04-30,12.1,0.2,23.5
2025-05-01,16.7,0.0,19.4
2025-05-02,18.8,0.0,16.6
2025-05-03,21.6,0.0,19.5
2025-05-04,24.6,0.0,18.8
2025-05-05,23.5,0.0,17.6
2025-05-06,25.9,0.0,24.0
2025-05-07,26.7,0.0,21.2
2025-05-08,25.4,0.1,19.3
2025-05-09,22.6,0.4,19.0
2025-05-10,23.4,0.0,20.1
2025-05-11,24.3,0.0,13.6
2025-05-12,26.1,0.0,20.4
2025-05-13,28.7,0.0,14.9
2025-05-14,30.7,0.0,13.4
2025-05-15,33.6,0.0,15.5
2025-05-16,34.5,0.0,17.6
2025-05-17,26.2,0.3,29.9
2025-05-18,21.1,0.0,23.4
2025-05-19,21.4,0.0,16.0
2025-05-20,22.8,0.0,15.2
2025-05-21,27.8,0.0,24.9
2025-05-22,27.6,0.0,26.3
2025-05-23,21.4,0.0,26.8
2025-05-24,23.1,0.0,14.2
2025-05-25,23.8,0.0,20.9
2025-05-26,18.7,0.0,24.4
2025-05-27,22.1,0.0,34.8
2025-05-28,24.0,0.0,29.6
2025-05-29,26.3,0.0,28.9
2025-05-30,27.1,0.0,28.9
2025-05-31,27.3,0.0,26.1
2025-06-01,28.3,0.0,19.3
2025-06-02,29.4,0.0,16.4
2025-06-03,30.8,0.0,13.7
2025-06-04,31.7,0.0,19.1
2025-06-05,31.1,0.0,21.7
2025-06-06,31.1,0.5,27.3
2025-06-07,28.4,0.0,26.8
2025-06-08,27.3,0.0,20.0
2025-06-09,26.1,0.0,17.5
2025-06-10,24.1,10.1,16.5
2025-06-11,24.8,1.5,27.6
2025-06-12,27.3,0.0,11.9
2025-06-13,29.2,0.0,16.4
2025-06-14,30.7,0.0,21.3
2025-06-15,31.9,0.0,18.5
2025-06-16,33.5,0.0,18.0
2025-06-17,34.8,0.0,15.4
2025-06-18,34.2,0.0,21.6
2025-06-19,28.8,0.0,22.0
2025-06-20,26.7,0.1,26.4
2025-06-21,29.2,0.0,17.3
2025-06-22,31.4,0.0,16.3
2025-06-23,27.0,0.0,25.4
2025-06-24,25.3,3.8,13.5
2025-06-25,25.3,0.0,26.2
2025-06-26,22.8,0.0,16.9
2025-06-27,26.1,0.0,12.8
2025-06-28,26.6,0.0,29.8
2025-06-29,24.0,0.0,19.8
2025-06-30,24.6,0.0,17.3
2025-07-01,27.1,0.0,11.7
2025-07-02,30.4,0.0,15.3
2025-07-03,34.3,0.0,21.4
2025-07-04,35.0,0.0,25.4
2025-07-05,29.7,0.0,20.2
2025-07-06,29.2,0.0,17.3
2025-07-07,31.1,0.0,15.7
2025-07-08,31.3,0.0,18.0
2025-07-09,28.2,0.0,25.1
2025-07-10,27.3,0.0,28.8
2025-07-11,28.1,0.0,12.2
2025-07-12,30.6,0.0,13.6
2025-07-13,31.5,0.0,19.9
2025-07-14,29.6,0.0,22.4
2025-07-15,29.8,0.0,12.3
2025-07-16,31.0,0.0,19.6
2025-07-17,32.8,0.0,17.4
2025-07-18,36.4,0.0,24.3
2025-07-19,33.7,0.0,27.9
2025-07-20,29.4,0.0,27.2
2025-07-21,31.2,0.0,27.8
2025-07-22,32.5,0.0,29.7
2025-07-23,32.8,0.0,20.5
2025-07-24,33.6,0.0,22.8
2025-07-25,32.1,0.2,22.5
2025-07-26,31.0,0.0,27.6
2025-07-27,28.1,0.0,23.1
2025-07-28,25.3,0.0,20.1
2025-07-29,25.9,0.0,24.6
2025-07-30,25.9,0.0,17.5
2025-07-31,27.8,0.0,13.4
2025-08-01,24.1,2.0,18.8
2025-08-02,25.8,0.9,15.5
2025-08-03,27.8,0.0,14.9
2025-08-04,27.0,0.0,22.0
2025-08-05,26.1,0.0,22.6
2025-08-06,27.1,0.0,16.5
2025-08-07,28.7,0.0,17.0
2025-08-08,30.7,0.0,18.6
2025-08-09,31.7,0.0,13.8
2025-08-10,31.2,0.0,20.3
2025-08-11,30.1,0.0,33.7
2025-08-12,25.9,0.0,18.8
2025-08-13,28.1,0.0,22.5
2025-08-14,26.2,0.0,26.0
2025-08-15,25.3,0.0,21.6
2025-08-16,22.9,0.4,23.6
2025-08-17,23.3,0.0,18.8
2025-08-18,24.2,0.0,14.2
2025-08-19,25.5,0.0,9.3
2025-08-20,27.8,0.0,21.2
2025-08-21,27.0,0.0,15.3
2025-08-22,24.4,1.9,24.2
2025-08-23,23.3,1.4,19.8
2025-08-24,24.6,0.0,18.7
2025-08-25,26.9,0.0,25.6
2025-08-26,28.8,0.0,23.2
2025-08-27,28.8,0.0,27.6
2025-08-28,28.3,0.0,27.3
2025-08-29,29.5,0.0,21.8
2025-08-30,24.5,0.0,20.3
2025-08-31,20.8,0.0,20.5
2025-09-01,23.8,0.0,13.8
2025-09-02,22.8,0.0,22.7
2025-09-03,21.9,0.0,27.5
2025-09-04,24.3,0.0,31.8
2025-09-05,25.6,0.0,21.1
2025-09-06,25.4,0.0,19.9
2025-09-07,22.6,0.0,19.4
2025-09-08,21.5,0.0,21.4
2025-09-09,20.3,0.0,9.6
2025-09-10,21.0,0.0,17.3
2025-09-11,17.4,0.0,14.1
2025-09-12,19.9,0.0,22.1
2025-09-13,19.3,0.0,23.8
2025-09-14,19.9,0.0,18.2
2025-09-15,17.3,1.9,18.1
2025-09-16,13.0,0.0,26.0
2025-09-17,15.8,0.0,18.8
2025-09-18,14.9,0.0,12.6
2025-09-19,15.5,0.0,13.0
2025-09-20,18.0,0.0,25.1
2025-09-21,19.9,0.7,24.3
2025-09-22,20.1,0.0,24.2
2025-09-23,19.5,0.0,16.9
2025-09-24,19.1,0.0,20.9
2025-09-25,20.4,0.0,28.5
2025-09-26,20.3,0.0,17.8
2025-09-27,20.9,0.0,15.9
2025-09-28,16.9,0.0,14.2
2025-09-29,13.9,0.1,13.6
2025-09-30,12.1,0.0,16.3
2025-10-01,9.3,0.0,16.9
2025-10-02,9.5,0.0,12.1
2025-10-03,10.8,0.0,10.8
2025-10-04,11.7,0.0,22.1
2025-10-05,11.9,0.0,27.8
2025-10-06,10.9,0.0,25.9
2025-10-07,11.6,0.0,24.1
2025-10-08,11.6,0.0,23.6
2025-10-09,12.4,0.0,27.6
2025-10-10,12.8,0.0,25.2
2025-10-11,14.3,0.0,15.5
2025-10-12,14.4,0.0,15.4
2025-10-13,14.0,0.0,13.0
2025-10-14,14.4,0.0,23.7
2025-10-15,12.3,0.0,27.1
2025-10-16,10.4,0.0,18.8
2025-10-17,12.0,0.0,12.3
2025-10-18,8.4,0.0,13.5
2025-10-19,6.2,0.0,15.3
2025-10-20,8.4,0.0,18.8
2025-10-21,10.4,0.0,16.8
2025-10-22,11.0,0.0,7.2
2025-10-23,13.4,0.0,15.7
2025-10-24,16.4,0.0,16.0
2025-10-25,13.4,0.0,16.1
2025-10-26,10.5,0.0,9.0
2025-10-27,10.0,0.0,20.2
2025-10-28,10.0,0.0,20.0
2025-10-29,9.8,0.0,15.2
2025-10-30,11.8,0.0,10.8
2025-10-31,11.3,0.8,23.2
2025-11-01,8.8,0.0,14.3
2025-11-02,9.2,0.0,19.8
2025-11-03,7.8,2.6,19.0
2025-11-04,1.1,0.4,19.8
2025-11-05,-4.7,0.0,11.6
2025-11-06,-1.5,0.0,12.8
2025-11-07,1.0,0.0,14.5
2025-11-08,2.1,0.0,9.8
2025-11-09,3.8,0.0,19.0
2025-11-10,5.9,0.5,14.8
2025-11-11,3.6,0.0,7.7
2025-11-12,7.8,0.0,16.4
2025-11-13,8.3,0.0,13.9
2025-11-14,7.9,0.0,13.6
2025-11-15,5.9,0.0,11.1
2025-11-16,4.4,0.0,9.0
2025-11-17,6.2,0.0,14.3
2025-11-18,7.3,0.0,13.3
2025-11-19,4.0,0.0,10.8
2025-11-20,1.0,0.0,6.0
2025-11-21,2.0,0.0,9.6
2025-11-22,6.5,0.0,12.6
2025-11-23,6.1,0.0,14.1
2025-11-24,4.8,0.0,10.2
2025-11-25,5.8,0.0,13.2
2025-11-26,4.8,0.0,6.1
2025-11-27,4.5,0.0,9.5
2025-11-28,3.0,0.0,14.2
2025-11-29,2.5,0.0,9.9
2025-11-30,0.1,0.0,12.0
2025-12-01,-0.7,0.0,14.8
2025-12-02,-1.0,0.0,12.2
2025-12-03,-1.9,0.0,8.4
2025-12-04,-2.8,0.0,8.4
2025-12-05,-1.9,0.0,6.7
2025-12-06,0.4,0.4,8.6
2025-12-07,1.0,0.0,10.1
2025-12-08,0.2,0.0,9.6
2025-12-09,-1.6,0.0,18.0
2025-12-10,-10.3,0.0,31.1
2025-12-11,-5.5,0.4,34.1
2025-12-12,0.0,0.7,13.8
2025-12-13,-0.5,0.0,14.7
2025-12-14,1.6,3.9,27.5
2025-12-15,-3.6,0.1,27.8
2025-12-16,-1.2,0.1,13.8
2025-12-17,-6.6,0.0,12.6
2025-12-18,-9.7,0.0,5.7
2025-12-19,-6.1,0.0,11.9
2025-12-20,-4.0,0.8,17.3
2025-12-21,-1.7,1.5,13.9
2025-12-22,0.4,0.0,11.6
2025-12-23,-0.1,0.0,14.1
2025-12-24,0.5,0.0,11.0
2025-12-25,0.1,0.8,9.6
2025-12-26,-5.2,3.7,12.4
2025-12-27,-6.5,0.0,16.7
2025-12-28,-1.8,0.0,13.9
2025-12-29,3.1,1.3,29.6
2025-12-30,1.1,0.3,17.3
2025-12-31,-0.5,2.7,19.8
